drop table if exists Funcionario
drop table if exists Privilegio
drop table if exists Usuario
drop table if exists embalagem
drop table if exists embalagem_codigo_barras
drop table if exists fabricante
drop table if exists produto

CREATE TABLE embalagem (
    id numeric(18,0) primary key NOT NULL,
    produto_id numeric(18,0),
    nome character varying(50),
    abreviatura character varying(20),
    codigo_barras character varying(14),
    e_embalagem_padrao character varying(3),
    codigo_ms character varying(20),
    versao numeric(6,0)
);

--
-- TOC entry 162 (class 1259 OID 116552)
-- Dependencies: 5
-- Name: embalagem_codigo_barras; Type: TABLE; Schema: public; Owner: postgres; Tablespace: 
--

CREATE TABLE embalagem_codigo_barras (
    id numeric(18,0) primary key  NOT NULL,
    embalagem_id numeric(18,0),
    codigo_barras character varying(14),
    principal character varying(3)
);



--
-- TOC entry 163 (class 1259 OID 116555)
-- Dependencies: 5
-- Name: fabricante; Type: TABLE; Schema: public; Owner: postgres; Tablespace: 
--

CREATE TABLE fabricante (
    id numeric(18,0) primary key  NOT NULL,
    codigo numeric(8,0),
    nome character varying(50),
    abreviatura character varying(20),
    versao numeric(6,0)
);




--
-- TOC entry 164 (class 1259 OID 116561)
-- Dependencies: 5
-- Name: produto; Type: TABLE; Schema: public; Owner: postgres; Tablespace: 
--

CREATE TABLE produto (
    id numeric(18,0) primary key  NOT NULL,
    fabricante_id numeric(18,0),
    codigo numeric(8,0),
    nome character varying(50),
    abreviatura character varying(20),
    versao numeric(6,0)
);



--
-- TOC entry 1879 (class 0 OID 116546)
-- Dependencies: 161 1883
-- Data for Name: embalagem; Type: TABLE DATA; Schema: public; Owner: postgres
--

INSERT INTO embalagem VALUES (831670001, 831660001, '4000ui inj 1amp x 1ml', '4000ui inj 1amp x 1', '7896014660766', 'Sim', '               58136', 17);
INSERT INTO embalagem VALUES (820600001, 820590001, '850mg cx 30 comp', '850mg cx 30 comp', '7898049798223', 'Sim', '               66155', 18);
INSERT INTO embalagem VALUES (548230001, 548220001, 'HISTAMIN 2MG C/20 COMP', 'HISTAMIN 2MG C/20 CO', '7896714219301', 'Nao', '2.2212.1231.321-2', 307);
INSERT INTO embalagem VALUES (548250001, 548220001, 'HISTAMIN 2MG C/20 COMP', 'HISTAMIN 2MG C/20 CO', '7896714219301', 'Sim', '3.5352.3123.123-1', 346);
INSERT INTO embalagem VALUES (548320001, 548310001, 'FLUXON 25MG C/30 COMP', 'FLUXON 25MG C/30 COM', '7896714203515', 'Sim', '1.2345.6789.321-1', 231);
INSERT INTO embalagem VALUES (548340001, 548310001, 'FLUXON 25MG C/30 COMP', 'FLUXON 25MG C/30 COM', '7896714203515', 'Sim', '1.2345.6789.321-1', 269);
INSERT INTO embalagem VALUES (808330001, 548310001, 'FLUXON 25MG C/30 COMP', 'FLUXON 25MG C/30 COM', '7896714203515', 'Sim', '1.2345.6789.321-1', 226);
INSERT INTO embalagem VALUES (547990001, 547960001, 'CANFORA SINTETICA C/150 GRS', 'CANFORA SINTETICA C/', '78960237429033', 'Nao', '2.3131.2231.231-2', 1392);
INSERT INTO embalagem VALUES (729220001, 729190001, '1', '1', '12345', NULL, NULL, 0);
INSERT INTO embalagem VALUES (815620001, 815610001, '312312', '12312312', '3123123', 'Sim', '', 19);
INSERT INTO embalagem VALUES (712520001, 712480001, 'D', 'D', '11', NULL, NULL, 3);
INSERT INTO embalagem VALUES (700490001, 700480001, 'A1', 'A1', '3', NULL, NULL, 0);
INSERT INTO embalagem VALUES (700440001, 700430001, 'AS', 'AS', '2', NULL, NULL, 0);
INSERT INTO embalagem VALUES (737290001, 737280001, 'DFDFD', 'DFDFD', '7', NULL, NULL, 1);
INSERT INTO embalagem VALUES (738750001, 738740001, 'AS2', 'AS2', '32', NULL, NULL, 3);
INSERT INTO embalagem VALUES (712500001, 712480001, 'D', 'D', '11', 'Sim', NULL, 4);
INSERT INTO embalagem VALUES (729200001, 729190001, '2', '2', '12345', 'Sim', NULL, 1);
INSERT INTO embalagem VALUES (700510001, 700480001, 'A1', 'A1', '3', 'Sim', NULL, 0);
INSERT INTO embalagem VALUES (700460001, 700430001, 'AS', 'AS', '2', 'Sim', NULL, 0);
INSERT INTO embalagem VALUES (738770001, 738740001, 'AS2', 'AS2', '32', 'Sim', NULL, 3);
INSERT INTO embalagem VALUES (737310001, 737280001, 'DFD', 'FDF', '7', 'Sim', NULL, 1);
INSERT INTO embalagem VALUES (706290001, 706280001, 'CATAFLAM 50MG', 'CATAFLAM 50MG', '7896261013483', 'Sim', '1.2345.6789.321-1', 26);
INSERT INTO embalagem VALUES (706310001, 706280001, 'CATAFLAM 50MG', 'CATAFLAM 50MG', '7896261013483', 'Sim', '1.2345.6789.321-1', 27);
INSERT INTO embalagem VALUES (734390001, 734360001, 'CONDUTOR DENTAL', 'CONDUTOR DENTAL', '7896444211187', 'Nao', NULL, 21);
INSERT INTO embalagem VALUES (734120001, 734110001, 'EXTRATOR DE PIOLHOS LENDEAS', 'EXTRATOR DE PIOLHOS ', '7898421990108', 'Sim', NULL, 21);
INSERT INTO embalagem VALUES (549020001, 548990001, 'MAXALGINA C/100ML INFANTIL C/ SERINGA', 'MAXALGINA C/100ML IN', '7898133138751', 'Sim', '1.2345.6789.321-1', 29);
INSERT INTO embalagem VALUES (815390001, 815380001, 'NEOSALDINA', 'NEOSALDINA', '74221009955556', 'Sim', '1.2312.1212.121-2', 29);
INSERT INTO embalagem VALUES (706210001, 706170001, 'AKINETON 2MG CPR 1X80', 'AKINETON 2MG CPR 1X8', '7896255711002', 'Sim', '1.2122.2000.456-6', 35);
INSERT INTO embalagem VALUES (734040001, 734010001, 'TALCO ALFAZEMA 170G', 'TALCO ALFAZEMA 170G', '7898015064123', 'Nao', NULL, 23);
INSERT INTO embalagem VALUES (706420001, 706390001, '2mg cx 30 comp', '2mg cx 30 comp', '7891317445232', 'Sim', '               61784', 28);
INSERT INTO embalagem VALUES (706950001, 706930001, 'VERTIX CPR ', 'VERTIX CPR ', '7896658000713', 'Sim', '0.6343.3611.031-4', 23);
INSERT INTO embalagem VALUES (706990001, 706980001, 'VICOG CPR 1X30', 'VICOG CPR 1X30', '7896226102542', 'Sim', '0.6343.3611.031-4', 24);
INSERT INTO embalagem VALUES (825280001, 825270001, 'spray 200dos', 'spray 200dos', '7896269900150', 'Sim', '               57896', 16);
INSERT INTO embalagem VALUES (730100001, 730070001, 'AFRIN ADL 12H 10MLETICO', 'AFRIN ADL ', '7891142113153', 'Nao', '1.2345.6789.990-1', 41);
INSERT INTO embalagem VALUES (730080001, 730070001, 'AFRIN ADL 12H 10MLETICO', 'AFRIN ADL', '7891142113153', 'Sim', '1.2322.2111.232-1', 42);
INSERT INTO embalagem VALUES (734470001, 734460001, 'AG. OXIG.10V 100ML GOTAS', 'AG. OXIG.10V 100ML G', '7897780200323', 'Sim', NULL, 38);
INSERT INTO embalagem VALUES (749420001, 749390001, '100mg cx 12 comp rev', '100mg cx 12 comp rev', '7898049795260', 'Sim', '               57610', 50);
INSERT INTO embalagem VALUES (721220001, 721190001, '1', '1', '12', 'Sim', '1.1221.0101.202-1', 31);
INSERT INTO embalagem VALUES (721200001, 721190001, '1', '1', '12', 'Sim', '1.9954.5460.232-1', 32);
INSERT INTO embalagem VALUES (823360001, 823350001, '200mg cx 25 comp', '200mg cx 25 comp', '7896714205748', 'Sim', '               57710', 16);
INSERT INTO embalagem VALUES (820570001, 820560001, 'sol fr 10ml', 'sol fr 10ml', '7896641800627', 'Sim', '               57825', 16);
INSERT INTO embalagem VALUES (734490001, 734460001, 'AG. OXIG.10V 100ML GOTAS', 'AG. OXIG.10V 100ML G', '7897780200323', 'Sim', NULL, 37);
INSERT INTO embalagem VALUES (706180001, 706170001, 'AKINETON 2MG CPR 1X80 C1ETICO', 'AKINETON 2MG CPR 1X8', '7896255711005', 'Sim', '1.2090.4402.213-2', 34);
INSERT INTO embalagem VALUES (820480001, 820470001, '20mg cx 30 comp', '20mg cx 30 comp', '7896641807770', 'Sim', '               58031', 16);
INSERT INTO embalagem VALUES (834250001, 834240001, '20mg cx 10 comp', '20mg cx 10 comp', '7896641807732', 'Sim', '               58030', 16);
INSERT INTO embalagem VALUES (828370001, 828360001, '12+400mcg fr 60 cap+inal', '12+400mcg fr 60 cap', '7896181911999', 'Sim', '               58049', 16);
INSERT INTO embalagem VALUES (730400001, 730370001, 'BUSCOPAN CPT GTS 20MLOUTROS', 'BUSCOPAN CPT GTS ', '7896026300117', 'Nao', NULL, 20);
INSERT INTO embalagem VALUES (827200001, 827190001, '40000ui inj 1amp x 1ml', '40000ui inj 1amp x ', '7896014660803', 'Sim', '               58131', 16);
INSERT INTO embalagem VALUES (828940001, 828930001, '10000ui inj 1amp x 1ml', '10000ui inj 1amp x ', '7896014660780', 'Sim', '               58103', 16);
INSERT INTO embalagem VALUES (830740001, 830730001, '3000ui inj 1amp x 1ml', '3000ui inj 1amp x 1', '7896014660742', 'Sim', '               58124', 16);
INSERT INTO embalagem VALUES (561630001, 561600001, 'ALGODAO', 'ALGODAO', '23156452312311', 'Sim', NULL, 27);
INSERT INTO embalagem VALUES (561610001, 561600001, 'ALGODAO', 'ALGODAO', '12315645645645', 'Sim', NULL, 27);
INSERT INTO embalagem VALUES (828280001, 828270001, 'aer lat 150ml cx 60und', 'aer lat 150ml cx 60', '7896323910026', 'Sim', '               58185', 16);
INSERT INTO embalagem VALUES (831850001, 831840001, 'pom bg 23g cx 200und', 'pom bg 23g cx 200und', '7896323910019', 'Sim', '               58186', 16);
INSERT INTO embalagem VALUES (825490001, 825480001, '50mg inj iv+dil', '50mg inj iv+dil', '7896269901034', 'Sim', '               58199', 16);
INSERT INTO embalagem VALUES (825820001, 825810001, '2mg cx 25 comp', '2mg cx 25 comp', '7896269901027', 'Sim', '               58198', 16);
INSERT INTO embalagem VALUES (828130001, 828120001, '10mg pom bg 5g', '10mg pom bg 5g', '7896015519797', 'Sim', '               58299', 16);
INSERT INTO embalagem VALUES (830080001, 830070001, 'injetavel 1fa 50mg', 'injetavel 1fa 50mg', '0', 'Sim', '               58318', 16);
INSERT INTO embalagem VALUES (823510001, 823500001, '250mg/5ml po sus fr 150ml', '250mg/5ml po sus fr', '7896714205731', 'Sim', '               58391', 23);
INSERT INTO embalagem VALUES (828340001, 828330001, '500mg cx 21 cap', '500mg cx 21 cap', '7897595601629', 'Sim', '               58528', 16);
INSERT INTO embalagem VALUES (828850001, 828840001, '500mg cx 12 cap', '500mg cx 12 cap', '7897595601636', 'Sim', '               58527', 16);
INSERT INTO embalagem VALUES (828640001, 828630001, '500mg cx 10 cap', '500mg cx 10 cap', '7896472508303', 'Sim', '               58532', 16);
INSERT INTO embalagem VALUES (815800001, 815790001, 'AAAAAA', 'AAAAAAAA', '67867867867', 'Sim', '5.4567.5686.797-6', 16);
INSERT INTO embalagem VALUES (822070001, 822060001, '500mg sol oral fr gts 20ml', '500mg sol oral fr g', '7896026300889', 'Sim', '               58605', 16);
INSERT INTO embalagem VALUES (729780001, 729770001, 'ANGELIQ CPR REV 1X28ETICO', 'ANGELIQ ', '7891106904155', 'Sim', '0.3332.1121.212-1', 33);
INSERT INTO embalagem VALUES (729800001, 729770001, 'ANGELIQ CPR REV 1X28ETICO', 'ANGELIQ', '7891106904155', 'Sim', '9.9865.6552.113-1', 31);
INSERT INTO embalagem VALUES (822850001, 822840001, '300mg cx 10 comp', '300mg cx 10 comp', '7896269900129', 'Sim', '               58719', 16);
INSERT INTO embalagem VALUES (823090001, 823080001, '150mg cx 20 comp', '150mg cx 20 comp', '7896269900112', 'Sim', '               58717', 16);
INSERT INTO embalagem VALUES (823780001, 823770001, '150mg cx 10 comp', '150mg cx 10 comp', '7896269900105', 'Sim', '               58715', 16);
INSERT INTO embalagem VALUES (824380001, 824370001, '150mg cx 10 comp efv', '150mg cx 10 comp efv', '7896269900167', 'Sim', '               58716', 16);
INSERT INTO embalagem VALUES (826840001, 826830001, '15mg xpe fr 120ml', '15mg xpe fr 120ml', '7896269900198', 'Sim', '               58718', 16);
INSERT INTO embalagem VALUES (822250001, 822240001, '300mg cx 20 comp', '300mg cx 20 comp', '7896269900136', 'Sim', '               58720', 16);
INSERT INTO embalagem VALUES (827050001, 827040001, '21+1,33mg/ml sol spray fr 50g', '21+1,33mg/ml sol sp', '7896331701104', 'Sim', '               58726', 16);
INSERT INTO embalagem VALUES (706520001, 706490001, 'CLORID NORTRIP 25MG CPS ', 'CLORID NORTRIP 25MG ', '7891317430146', 'Sim', '0.6343.3611.031-4', 26);
INSERT INTO embalagem VALUES (824020001, 824010001, '50mg creme 10g', '50mg creme 10g', '7896004714301', 'Sim', '               58732', 16);
INSERT INTO embalagem VALUES (824560001, 824550001, '160+5mg 3bl x 10 comp rev', '160+5mg 3bl x 10 co', '7895296145114', 'Sim', '               58785', 16);
INSERT INTO embalagem VALUES (826180001, 826170001, '80+12,5mg cx 30 comp rev', '80+12,5mg cx 30 com', '7895296094283', 'Sim', '               58793', 16);
INSERT INTO embalagem VALUES (829330001, 829320001, '320+25mg cx 30 comp rev', '320+25mg cx 30 comp', '7895296094344', 'Sim', '               58792', 16);
INSERT INTO embalagem VALUES (830320001, 830310001, '160+25mg cx 30 comp rev', '160+25mg cx 30 comp', '7895296094320', 'Sim', '               58790', 16);
INSERT INTO embalagem VALUES (831190001, 831180001, '160+12,5mg cx 30 comp rev', '160+12,5mg cx 30 co', '7895296094306', 'Sim', '               58789', 16);
INSERT INTO embalagem VALUES (828610001, 828600001, '1mg cx 28 comp rev', '1mg cx 28 comp rev', '7896206400866', 'Sim', '               58849', 16);
INSERT INTO embalagem VALUES (738700001, 738690001, 'AS', 'AS', '74395200233212', 'Sim', '1.5454.5495.105-1', 36);
INSERT INTO embalagem VALUES (738720001, 738690001, 'AS', 'AS', '30', 'Sim', '1.1212.1212.121-2', 37);
INSERT INTO embalagem VALUES (700370001, 700360001, 'AAA', 'AAA', '1', 'Nao', NULL, 23);
INSERT INTO embalagem VALUES (700390001, 700360001, 'AAA', 'AAA', '1', 'Sim', NULL, 23);
INSERT INTO embalagem VALUES (729170001, 729140001, '1', '1', '123', 'Nao', NULL, 20);
INSERT INTO embalagem VALUES (729150001, 729140001, '2', '2', '123', 'Sim', NULL, 20);
INSERT INTO embalagem VALUES (825880001, 825870001, '25mg cx 30 comp', '25mg cx 30 comp', '7896472513130', 'Sim', '               59029', 16);
INSERT INTO embalagem VALUES (825100001, 825090001, '25mg cx 30 comp', '25mg cx 30 comp', '7896004705781', 'Sim', '               59066', 16);
INSERT INTO embalagem VALUES (706500001, 706490001, 'CLORID NORTRIP 25MG CPS ', 'CLORID NORTRIP 25MG ', '7891317430146', 'Sim', '0.6343.3611.031-4', 25);
INSERT INTO embalagem VALUES (823420001, 823410001, '25mg cx 28 comp', '25mg cx 28 comp', '7897595612090', 'Sim', '               59139', 16);
INSERT INTO embalagem VALUES (832780001, 832770001, '40mg cx 30 comp rev', '40mg cx 30 comp rev', '7896714238210', 'Sim', '               59210', 16);
INSERT INTO embalagem VALUES (730150001, 730120001, 'ATURGYL ADL GTS 15MLETICO', 'ATURGYL ADL', '7897595903273', 'Sim', NULL, 28);
INSERT INTO embalagem VALUES (730130001, 730120001, 'ATURGYL ADL GTS 15MLETICO', 'ATURGYL ADL', '7897595903273', 'Sim', NULL, 29);
INSERT INTO embalagem VALUES (821530001, 821520001, '320mg cx 30 comp rev', '320mg cx 30 comp rev', '7899420502378', 'Sim', '               59243', 16);
INSERT INTO embalagem VALUES (822460001, 822450001, '160mg cx 30 comp rev', '160mg cx 30 comp rev', '7899420502330', 'Sim', '               59242', 16);
INSERT INTO embalagem VALUES (822610001, 822600001, '80mg cx 30 comp rev', '80mg cx 30 comp rev', '7899420502316', 'Sim', '               59244', 16);
INSERT INTO embalagem VALUES (824650001, 824640001, '3mg/1,5ml sol top fr 110ml+aplic', '3mg/1,5ml sol top f', '7896382707193', 'Sim', '               59257', 16);
INSERT INTO embalagem VALUES (829420001, 829410001, '500mg cx 3 comp', '500mg cx 3 comp', '7896472502196', 'Sim', '               59318', 16);
INSERT INTO embalagem VALUES (829810001, 829800001, '1g cx 1 comp', '1g cx 1 comp', '7896472502189', 'Sim', '               59317', 16);
INSERT INTO embalagem VALUES (827950001, 827940001, '500mg cx 2 comp rev', '500mg cx 2 comp rev', '7896112113546', 'Sim', '               59366', 16);
INSERT INTO embalagem VALUES (828670001, 828660001, '500mg cx 3 comp rev', '500mg cx 3 comp rev', '7896112113553', 'Sim', '               59369', 16);
INSERT INTO embalagem VALUES (730200001, 730170001, 'AZUKON MR 30MG CPR 1X30ETICO', 'AZUKON', '8902220106079', 'Nao', NULL, 21);
INSERT INTO embalagem VALUES (730180001, 730170001, 'AZUKON MR 30MG CPR 1X30ETICO', 'AZUKON', '8902220106079', 'Sim', NULL, 21);
INSERT INTO embalagem VALUES (824590001, 824580001, '3+3+3+10+25mg cx 50 drg', '3+3+3+10+25mg cx 50', '7893736005233', 'Sim', '               59406', 16);
INSERT INTO embalagem VALUES (734070001, 734060001, 'BARBEADOR IMPORTADO', 'BARBEADOR IMPORTADO', '6924198588826', 'Sim', NULL, 24);
INSERT INTO embalagem VALUES (784880001, 734060001, 'TEESTE', 'TETESTE', '060820152015', 'Nao', '', 17);
INSERT INTO embalagem VALUES (734090001, 734060001, 'BARBEADOR IMPORTADO', 'BARBEADOR IMPORTADO', '6924198588826', 'Nao', NULL, 24);
INSERT INTO embalagem VALUES (824080001, 824070001, '100% sus oral cx 10 copos x 200ml', '100% sus oral cx 10', '7896676413618', 'Sim', '               59474', 16);
INSERT INTO embalagem VALUES (824410001, 824400001, '100% sus oral cx 10 copos x 150ml', '100% sus oral cx 10', '7896676413625', 'Sim', '               59473', 16);
INSERT INTO embalagem VALUES (749450001, 749440001, 'BELSPAN', 'BELSPAN', '7897917001397', 'Sim', NULL, 49);
INSERT INTO embalagem VALUES (749470001, 749440001, 'BELSPAN', 'BELSPAN', '7897917001397', 'Sim', NULL, 45);
INSERT INTO embalagem VALUES (835510001, 835500001, '5+50+10mg cx 12 past sb menta', '5+50+10mg cx 12 pas', '7898158693129', 'Sim', '               59535', 16);
INSERT INTO embalagem VALUES (822190001, 822180001, '40+12,5mg cx 7 comp rev', '40+12,5mg cx 7 comp', '7897411600249', 'Sim', '               59569', 16);
INSERT INTO embalagem VALUES (822880001, 822870001, '20+12,5mg cx 7 comp rev', '20+12,5mg cx 7 comp', '7897411600232', 'Sim', '               59567', 16);
INSERT INTO embalagem VALUES (823810001, 823800001, '40+25mg cx 7 comp rev', '40+25mg cx 7 comp r', '7897411600256', 'Sim', '               59571', 16);
INSERT INTO embalagem VALUES (829900001, 829890001, '35+450+50mg cx 12 com', '35+450+50mg cx 12 c', '7891058015695', 'Sim', '               59580', 16);
INSERT INTO embalagem VALUES (834940001, 834930001, '0,1g sab 60g', '0,1g sab 60g', '7898060131184', 'Sim', '               59598', 16);
INSERT INTO embalagem VALUES (706550001, 706540001, 'CLORID SERTRALINA 50MG', 'CLORID SERTRALINA 50', '7891317446031', 'Sim', '0.6343.3611.031-4', 24);
INSERT INTO embalagem VALUES (820180001, 820170001, 'sol fr 50ml (IPI 22%)', 'sol fr 50ml (IPI 22', '7891106906784', 'Sim', '               59615', 16);
INSERT INTO embalagem VALUES (732400001, 732370001, 'BEPANTOL DERMA SOL 50 MLOUTROS', 'BEPANTOL DERMA SOL 5', '7891106907293', 'Nao', NULL, 23);
INSERT INTO embalagem VALUES (732380001, 732370001, 'BEPANTOL DERMA SOL 50 MLOUTROS', 'BEPANTOL DERMA SOL 5', '7891106907293', 'Sim', NULL, 26);
INSERT INTO embalagem VALUES (832630001, 832620001, 'cx 30 comp', 'cx 30 comp', '7891106006521', 'Sim', '               59631', 16);
INSERT INTO embalagem VALUES (827860001, 827850001, '10mg cx 30 comp', '10mg cx 30 comp', '7896112114277', 'Sim', '               59642', 16);
INSERT INTO embalagem VALUES (827350001, 827340001, '10mg cx 100 comp emb frac', '10mg cx 100 comp em', '7896676413687', 'Sim', '               59677', 16);
INSERT INTO embalagem VALUES (832060001, 832050001, '250mg cx 30 cap', '250mg cx 30 cap', '7896083400744', 'Sim', '               59705', 16);
INSERT INTO embalagem VALUES (831280001, 831270001, '300+50+35mg cx 16 comp', '300+50+35mg cx 16 c', '7896006291527', 'Sim', '               59839', 16);
INSERT INTO embalagem VALUES (834190001, 834180001, '300+50+35mg cx 148 comp', '300+50+35mg cx 148 ', '7896006291589', 'Sim', '               59838', 16);
INSERT INTO embalagem VALUES (828430001, 828420001, 'sol mult x  120ml nova tampa', 'sol mult x  120ml n', '7896046383091', 'Sim', '               59870', 16);
INSERT INTO embalagem VALUES (828970001, 828960001, '300+120ml sol mult est Pack On Nova Tampa', '300+120ml sol mult ', '7896046383084', 'Sim', '               59869', 16);
INSERT INTO embalagem VALUES (753400001, 753370001, 'MEL BISNAGA', 'MEL BISNAGA', '7898270570308', 'Sim', NULL, 27);
INSERT INTO embalagem VALUES (753380001, 753370001, 'MEL BISNAGA', 'MEL BISNAGA', '7898270570308', 'Sim', NULL, 27);
INSERT INTO embalagem VALUES (832960001, 832950001, '15ui po liof inj fa x 5ml', '15ui po liof inj fa', '7896181900818', 'Sim', '               59938', 16);
INSERT INTO embalagem VALUES (833080001, 833070001, 'xpe fr 100ml adu', 'xpe fr 100ml adu', '7896685300947', 'Sim', '               60002', 16);
INSERT INTO embalagem VALUES (833590001, 833580001, '3mg cx 30 comp', '3mg cx 30 comp', '7896714212203', 'Sim', '               60033', 16);
INSERT INTO embalagem VALUES (706240001, 706230001, 'BROMAZEPAN 6MG', 'BROMAZEPAN 6MG', '7891317415914', 'Sim', '1.2345.6789.321-1', 26);
INSERT INTO embalagem VALUES (706260001, 706230001, 'BROMAZEPAN 6MG', 'BROMAZEPAN 6MG', '7891317415914', 'Sim', '1.2345.6789.321-1', 27);
INSERT INTO embalagem VALUES (824290001, 824280001, '20mg cx 2bl x 15 comp rev', '20mg cx 2bl x 15 co', '7896004731186', 'Sim', '               60087', 16);
INSERT INTO embalagem VALUES (825580001, 825570001, '4mg/ml sol or cx 200 fr got x 20ml hosp', '4mg/ml sol or cx 20', '7898148298730', 'Sim', '               60103', 16);
INSERT INTO embalagem VALUES (826480001, 826470001, '4mg/ml sol or fr gts 20ml', '4mg/ml sol or fr gt', '7898148298747', 'Sim', '               60105', 16);
INSERT INTO embalagem VALUES (730230001, 730220001, 'BUCLINA CPR 1X20ETICO', 'BUCLINA', '7897595900678', 'Sim', NULL, 19);
INSERT INTO embalagem VALUES (730250001, 730220001, 'BUCLINA CPR 1X20ETICO', 'BUCLINA', '7897595900678', 'Nao', NULL, 19);
INSERT INTO embalagem VALUES (730280001, 730270001, 'BUDECORT AQUA 64MCG 120 DOSESETICO', 'BUDECORT AQUA 64MCG ', '7896206402044', 'Sim', '3.3655.6566.564-6', 33);
INSERT INTO embalagem VALUES (730300001, 730270001, 'BUDECORT AQUA 64MCG 120 DOSESETICO', 'BUDECORT AQUA 64MCG ', '7896206402044', 'Sim', '3.3655.6566.564-6', 34);
INSERT INTO embalagem VALUES (548820001, 548790001, 'BUPROVIL 600MG C/30 COMP', 'BUPROVIL 600MG C/30 ', '7896472502776', 'Nao', NULL, 28);
INSERT INTO embalagem VALUES (548800001, 548790001, '7896472502776', '7896472502776', '7896472502776', 'Sim', NULL, 28);
INSERT INTO embalagem VALUES (732450001, 732420001, 'BUSCOFEM 400MG CPS 1X10OUTROS', 'BUSCOFEM 400MG CPS 1', '7896026303002', 'Nao', NULL, 23);
INSERT INTO embalagem VALUES (732430001, 732420001, 'BUSCOFEM 400MG CPS 1X10OUTROS', 'BUSCOFEM 400MG CPS 1', '7896026303002', 'Sim', NULL, 26);
INSERT INTO embalagem VALUES (730350001, 730320001, 'BUSCOPAN CPT CPR REV 1X20OUTROS', 'BUSCOPAN CPT', '7896026301428', 'Nao', NULL, 19);
INSERT INTO embalagem VALUES (730330001, 730320001, 'BUSCOPAN CPT CPR REV 1X20OUTROS', 'BUSCOPAN CPT', '7896026301428', 'Sim', NULL, 19);
INSERT INTO embalagem VALUES (730380001, 730370001, 'BUSCOPAN CPT GTS 20MLOUTROS', 'BUSCOPAN CPT GTS ', '7896026300117', 'Sim', NULL, 20);
INSERT INTO embalagem VALUES (823570001, 823560001, '200mcg cx 60 cap+refil', '200mcg cx 60 cap+re', '7896181900740', 'Sim', '               60218', 16);
INSERT INTO embalagem VALUES (730430001, 730420001, 'BUTAZONA CALCICA 200MG CPR 1X10ETICO', 'BUTAZONA CALCICA 200', '7896026301640', 'Sim', NULL, 19);
INSERT INTO embalagem VALUES (730450001, 730420001, 'BUTAZONA CALCICA 200MG CPR 1X10ETICO', 'BUTAZONA CALCICA 200', '7896026301640', 'Nao', NULL, 19);
INSERT INTO embalagem VALUES (835030001, 835020001, 'ice bag 1bolsa termica descartavel', 'ice bag 1bolsa term', '7891142018090', 'Sim', '               60319', 16);
INSERT INTO embalagem VALUES (829720001, 829710001, 'fr 30 comp', 'fr 30 comp', '7891045042239', 'Sim', '               60338', 16);
INSERT INTO embalagem VALUES (830410001, 830400001, 'fr 60 comp', 'fr 60 comp', '7891045042246', 'Sim', '               60339', 16);
INSERT INTO embalagem VALUES (821770001, 821760001, '50mg cx 1fa', '50mg cx 1fa', '7897337707381', 'Sim', '               60348', 16);
INSERT INTO embalagem VALUES (822730001, 822720001, '70mg cx 1fa', '70mg cx 1fa', '7897337707398', 'Sim', '               60349', 16);
INSERT INTO embalagem VALUES (823210001, 823200001, '16+12,5mg cx 30 comp', '16+12,5mg cx 30 comp', '7897595626127', 'Sim', '               60360', 16);
INSERT INTO embalagem VALUES (820330001, 820320001, '25mg cx 100 comp emb frac', '25mg cx 100 comp em', '7896676413694', 'Sim', '               60486', 16);
INSERT INTO embalagem VALUES (827410001, 827400001, '12,5mg cx 30 comp', '12,5mg cx 30 comp', '7896004700328', 'Sim', '               60443', 16);
INSERT INTO embalagem VALUES (834550001, 834540001, '25mg cx 30 comp', '25mg cx 30 comp', '7896714205687', 'Sim', '               60488', 16);
INSERT INTO embalagem VALUES (825700001, 825690001, '12,5mg cx 30 comp', '12,5mg cx 30 comp', '7897595601681', 'Sim', '               60512', 16);
INSERT INTO embalagem VALUES (824890001, 824880001, '25+250mg cx 30 comp', '25+250mg cx 30 comp', '7896112143994', 'Sim', '               60538', 16);
INSERT INTO embalagem VALUES (835540001, 835530001, '50mg xpe fr 100ml+cm', '50mg xpe fr 100ml+cm', '7896006292500', 'Sim', '               60560', 16);
INSERT INTO embalagem VALUES (827320001, 827310001, '40mg cx 30 comp', '40mg cx 30 comp', '7896472513154', 'Sim', '               60618', 16);
INSERT INTO embalagem VALUES (832600001, 832590001, '25mg cx 30 comp', '25mg cx 30 comp', '7895296092302', 'Sim', '               60673', 16);
INSERT INTO embalagem VALUES (835060001, 835050001, '3,125mg cx 15 comp', '3,125mg cx 15 comp', '7895296092319', 'Sim', '               60684', 16);
INSERT INTO embalagem VALUES (547970001, 547960001, 'CANFORA SINTETICA C/150 GRS', 'CANFORA SINTETICA C/', '78960237429033', 'Sim', '1.2312.3123.121-2', 1178);
INSERT INTO embalagem VALUES (835390001, 835380001, '3,125mg cx 30 comp', '3,125mg cx 30 comp', '7895296092326', 'Sim', '               60688', 16);
INSERT INTO embalagem VALUES (730500001, 730470001, 'CATAFLAM EMULGEL 60GOUTROS', 'CATAFLAM EMULGEL 60G', '7896261014268', 'Nao', NULL, 18);
INSERT INTO embalagem VALUES (730480001, 730470001, 'CATAFLAM EMULGEL 60GOUTROS', 'CATAFLAM EMULGEL 60G', '7896261014268', 'Sim', NULL, 18);
INSERT INTO embalagem VALUES (822040001, 822030001, '500mg sus fr 100ml', '500mg sus fr 100ml', '7896004703626', 'Sim', '               60817', 16);
INSERT INTO embalagem VALUES (820300001, 820290001, '1g cx 8 drag', '1g cx 8 drag', '7898911244674', 'Sim', '               60837', 16);
INSERT INTO embalagem VALUES (820360001, 820350001, '1g cx 8 comp rev', '1g cx 8 comp rev', '7894916142151', 'Sim', '               60844', 16);
INSERT INTO embalagem VALUES (706570001, 706540001, 'CLORID SERTRALINA 50MG', 'CLORID SERTRALINA 50', '7891317446031', 'Sim', '0.6343.3611.031-4', 25);
INSERT INTO embalagem VALUES (833200001, 833190001, '250mg/5ml sus or fr 100ml+col dos', '250mg/5ml sus or fr', '7898911244728', 'Sim', '               60849', 16);
INSERT INTO embalagem VALUES (732480001, 732470001, 'CEFALEXINA 500MG CPR 1X10 RANBGENERICO', 'CEFALEXINA 500MG CPR', '7897076907912', 'Nao', NULL, 22);
INSERT INTO embalagem VALUES (732500001, 732470001, 'CEFALEXINA 500MG CPR 1X10 RANBGENERICO', 'CEFALEXINA 500MG CPR', '7897076907912', 'Sim', NULL, 25);
INSERT INTO embalagem VALUES (832180001, 832170001, '70 mg/ml sol inj ct fr x 250ml', '70 mg/ml sol inj ct', '8902344309219', 'Sim', '               61021', 16);
INSERT INTO embalagem VALUES (820540001, 820530001, '300mg cx 60 comp rev', '300mg cx 60 comp rev', '7896015522957', 'Sim', '               61051', 16);
INSERT INTO embalagem VALUES (706360001, 706330001, 'CERUMIN SOL 8ML', 'CERUMIN SOL 8ML', '7896548140284', 'Sim', NULL, 22);
INSERT INTO embalagem VALUES (706340001, 706330001, 'CERUMIN SOL 8ML', 'CERUMIN SOL 8ML', '7896548140284', 'Nao', NULL, 22);
INSERT INTO embalagem VALUES (828250001, 828240001, '200mg cx 30 comp', '200mg cx 30 comp', '7896004700267', 'Sim', '               61154', 16);
INSERT INTO embalagem VALUES (829690001, 829680001, '200mg cx 10 comp', '200mg cx 10 comp', '7896004700250', 'Sim', '               61147', 16);
INSERT INTO embalagem VALUES (833950001, 833940001, '200mg cx 10 comp', '200mg cx 10 comp', '7894916142083', 'Sim', '               61151', 16);
INSERT INTO embalagem VALUES (829090001, 829080001, '20+0,5+1,68mg pom bg 30g', '20+0,5+1,68mg pom b', '7896112113560', 'Sim', '               61208', 16);
INSERT INTO embalagem VALUES (829450001, 829440001, '20+0,5+1,68mg creme bg 30g', '20+0,5+1,68mg creme', '7896112113577', 'Sim', '               61207', 16);
INSERT INTO embalagem VALUES (749520001, 749490001, 'CETOPROFENO', 'CETOPROFENO', '7896714222417', 'Sim', '1.2345.6789.456-1', 30);
INSERT INTO embalagem VALUES (749500001, 749490001, 'CETOPROFENO', 'CETOPROFENO', '7896714222417', 'Sim', '9.8879.5465.465-3', 33);
INSERT INTO embalagem VALUES (823480001, 823470001, '50mg cx 24 cap', '50mg cx 24 cap', '7896004705736', 'Sim', '               61254', 16);
INSERT INTO embalagem VALUES (824950001, 824940001, 'DIET 3mg cx 12 past', 'DIET 3mg cx 12 past', '7896523206806', 'Sim', '               61351', 16);
INSERT INTO embalagem VALUES (820780001, 820770001, '100mg cx 30 comp', '100mg cx 30 comp', '7896658019562', 'Sim', '               61425', 16);
INSERT INTO embalagem VALUES (834280001, 834270001, '20mg xpe fr 120ml inf', '20mg xpe fr 120ml i', '7899095203532', 'Sim', '               61468', 16);
INSERT INTO embalagem VALUES (835150001, 835140001, '40mg xpe fr 120ml adu', '40mg xpe fr 120ml a', '7899095203556', 'Sim', '               61469', 16);
INSERT INTO embalagem VALUES (823630001, 823620001, '50mg cx 1 comp', '50mg cx 1 comp', '7896714227375', 'Sim', '               61549', 16);
INSERT INTO embalagem VALUES (826450001, 826440001, '500mg cx 20 comp mast', '500mg cx 20 comp ma', '7898014561593', 'Sim', '               61589', 16);
INSERT INTO embalagem VALUES (834460001, 834450001, '500mg iv inj 1fa', '500mg iv inj 1fa', '7898911244759', 'Sim', '               61628', 16);
INSERT INTO embalagem VALUES (827800001, 827790001, '40mg cx 10 comp rev', '40mg cx 10 comp rev', '7891721016189', 'Sim', '               61744', 16);
INSERT INTO embalagem VALUES (831250001, 831240001, '40mg cx 30 comp rev', '40mg cx 30 comp rev', '7891721016165', 'Sim', '               61745', 16);
INSERT INTO embalagem VALUES (831640001, 831630001, '80mg cx 30 comp rev', '80mg cx 30 comp rev', '7891721016172', 'Sim', '               61746', 16);
INSERT INTO embalagem VALUES (826240001, 826230001, '2,5mg/ml sol or fr gts 20ml', '2,5mg/ml sol or fr ', '7896112135913', 'Sim', '               61778', 16);
INSERT INTO embalagem VALUES (706400001, 706390001, 'CLONAZEPAM 2MG CPR 1X30', 'CLONAZEPAM 2MG CPR 1', '7891317445232', 'Sim', '0.6343.3611.031-4', 25);
INSERT INTO embalagem VALUES (706450001, 706440001, 'CLONAZEPAN 2,5MG ', 'CLONAZEPAN 2,5MG ', '7896004712925', 'Sim', '0.6343.3611.031-4', 23);
INSERT INTO embalagem VALUES (706470001, 706440001, 'CLONAZEPAN 2,5MG ', 'CLONAZEPAN 2,5MG ', '7896004712925', 'Sim', '0.6343.3611.031-4', 24);
INSERT INTO embalagem VALUES (706600001, 706590001, 'CLORID SOTALOL 160MG ', 'CLORID SOTALOL 160MG', '7891721023521', 'Sim', '0.6343.3611.031-4', 24);
INSERT INTO embalagem VALUES (706620001, 706590001, 'CLORID SOTALOL 160MG ', 'CLORID SOTALOL 160MG', '7891721023521', 'Sim', '0.6343.3611.031-4', 25);
INSERT INTO embalagem VALUES (820810001, 820800001, '6mg/ml xpe cx 50 fr 120ml+50cm hosp', '6mg/ml xpe cx 50 fr', '7898148294183', 'Sim', '               61863', 16);
INSERT INTO embalagem VALUES (821290001, 821280001, '3mg/ml xpe cx 50 fr x 120ml+cm hosp', '3mg/ml xpe cx 50 fr', '7898148294169', 'Sim', '               61861', 16);
INSERT INTO embalagem VALUES (820990001, 820980001, '0,8mg xpe fr 120ml+cm', '0,8mg xpe fr 120ml+', '7898060131146', 'Sim', '               61928', 16);
INSERT INTO embalagem VALUES (826570001, 826560001, '10mg cx 15 comp', '10mg cx 15 comp', '7891317446772', 'Sim', '               61984', 16);
INSERT INTO embalagem VALUES (820150001, 820140001, '250mg cx 14 comp rev', '250mg cx 14 comp rev', '7897595602770', 'Sim', '               62024', 16);
INSERT INTO embalagem VALUES (820210001, 820200001, '500mg cx 6 comp', '500mg cx 6 comp', '7896714205762', 'Sim', '               62047', 16);
INSERT INTO embalagem VALUES (830650001, 830640001, '100mg 15 comp', '100mg 15 comp', '7898060133225', 'Sim', '               62128', 16);
INSERT INTO embalagem VALUES (828100001, 828090001, '1g po liof sol inj fa x 50ml', '1g po liof sol inj ', '7891317460259', 'Sim', '               62177', 16);
INSERT INTO embalagem VALUES (828760001, 828750001, '200mg po liof sol inj fa x 10ml', '200mg po liof sol i', '7891317460266', 'Sim', '               62179', 16);
INSERT INTO embalagem VALUES (831700001, 831690001, '100mg/5ml sol or 100ml', '100mg/5ml sol or 10', '7898060133249', 'Sim', '               62183', 16);
INSERT INTO embalagem VALUES (833170001, 833160001, '10mg cx 60 comp rev', '10mg cx 60 comp rev', '7896112167211', 'Sim', '               62217', 16);
INSERT INTO embalagem VALUES (830800001, 830790001, '40mg cx 20 comp', '40mg cx 20 comp', '7898148295784', 'Sim', '               62391', 16);
INSERT INTO embalagem VALUES (831160001, 831150001, '10mg cx 600 comp emb hosp', '10mg cx 600 comp em', '7898148295777', 'Sim', '               62390', 16);
INSERT INTO embalagem VALUES (832360001, 832350001, 'xpe fr 120ml', 'xpe fr 120ml', '7896004716565', 'Sim', '               62418', 16);
INSERT INTO embalagem VALUES (832750001, 832740001, '150mg/10ml fr 120ml', '150mg/10ml fr 120ml', '7896004716558', 'Sim', '               62407', 16);
INSERT INTO embalagem VALUES (827260001, 827250001, '0,4mg cx 20 cap', '0,4mg cx 20 cap', '7899095234192', 'Sim', '               62487', 16);
INSERT INTO embalagem VALUES (833350001, 833340001, '10mg creme derm bg 20g', '10mg creme derm bg ', '7896714228907', 'Sim', '               62494', 16);
INSERT INTO embalagem VALUES (829990001, 829980001, '75mg cx 1bl x 15 caps', '75mg cx 1bl x 15 ca', '7896004729220', 'Sim', '               62587', 16);
INSERT INTO embalagem VALUES (829270001, 829260001, '25mg cx 30 comp', '25mg cx 30 comp', '7898158695499', 'Sim', '               62614', 16);
INSERT INTO embalagem VALUES (826390001, 826380001, '50mg creme bg 10g', '50mg creme bg 10g', '7893736020182', 'Sim', '               62665', 16);
INSERT INTO embalagem VALUES (827830001, 827820001, '6mg cx 14 cap gel dura', '6mg cx 14 cap gel d', '7896714213767', 'Sim', '               62697', 16);
INSERT INTO embalagem VALUES (706650001, 706640001, 'COLIRIO MOURA', 'COLIRIO MOURA', '7891058020316', 'Sim', '0.6343.3611.031-4', 29);
INSERT INTO embalagem VALUES (706670001, 706640001, '0,15+0,3mg sol oft fr 20ml', '0,15+0,3mg sol oft ', '7891058020316', 'Sim', '               62712', 35);
INSERT INTO embalagem VALUES (831760001, 831750001, '0,5+0,4mg cx 30 cap gel', '0,5+0,4mg cx 30 cap', '7896015523398', 'Sim', '               62743', 16);
INSERT INTO embalagem VALUES (549390001, 548760001, 'RWER', 'WRER', '32453', 'Sim', '1.2345.6789.321-1', 32);
INSERT INTO embalagem VALUES (831550001, 831540001, 'frasco com 30cps', 'frasco com 30cps', '7898495601870', 'Sim', '               62757', 16);
INSERT INTO embalagem VALUES (734370001, 734360001, 'CONDUTOR DENTAL', 'CONDUTOR DENTAL', '7896444211187', 'Sim', NULL, 21);
INSERT INTO embalagem VALUES (826990001, 826980001, '200mg cx 20 comp', '200mg cx 20 comp', '7897595601650', 'Sim', '               62807', 16);
INSERT INTO embalagem VALUES (820120001, 820110001, '5mg cx 20 comp', '5mg cx 20 comp', '7896181900795', 'Sim', '               62826', 15);
INSERT INTO embalagem VALUES (683100001, 683090001, 'DIASEC 2MG CPR', 'DIASEC 2MG CPR', '7896472502110', 'Nao', NULL, 20);
INSERT INTO embalagem VALUES (683120001, 683090001, '1mg creme bg 10g', '1mg creme bg 10g', '7896472502110', 'Sim', '               62902', 21);
INSERT INTO embalagem VALUES (827680001, 827670001, '100mg cx 30 comp', '100mg cx 30 comp', '7897337707336', 'Sim', '               62949', 16);
INSERT INTO embalagem VALUES (826900001, 826890001, '5mg cx 100 comp emb frac', '5mg cx 100 comp emb', '7896676413670', 'Sim', '               62976', 16);
INSERT INTO embalagem VALUES (830200001, 830190001, '40mg sol oft fr 5ml', '40mg sol oft fr 5ml', '7896714228969', 'Sim', '               62984', 16);
INSERT INTO embalagem VALUES (737180001, 737150001, 'D1', 'D1', '8', 'Sim', '1.3232.3554.654-6', 24);
INSERT INTO embalagem VALUES (737160001, 737150001, 'D123', 'D123', '8', 'Sim', '1.2313.2132.132-1', 23);
INSERT INTO embalagem VALUES (822220001, 822210001, '200 mg po liof sol inj ct 50 fa vd amb', '200 mg po liof sol ', '7898149938666', 'Sim', '               63033', 16);
INSERT INTO embalagem VALUES (824800001, 824790001, '200mg po liof sol inj fa', '200mg po liof sol i', '7898149938642', 'Sim', '               63034', 16);
INSERT INTO embalagem VALUES (825250001, 825240001, '200 mg po liof sol inj ct 10 fa vd amb', '200 mg po liof sol ', '7898149938659', 'Sim', '               63032', 16);
INSERT INTO embalagem VALUES (825400001, 825390001, '20mg/g locao fr 30ml', '20mg/g locao fr 30ml', '7896212478675', 'Sim', '               63059', 16);
INSERT INTO embalagem VALUES (548620001, 548610001, 'DAKTAZOL 20MG/ML LOCAO C/30 ML', 'DAKTAZOL 20MG/ML LOC', '7896714250021', 'Sim', '1.2345.6789.321-1', 29);
INSERT INTO embalagem VALUES (548640001, 548610001, 'DAKTAZOL 20MG/ML LOCAO C/30 ML', 'DAKTAZOL 20MG/ML LOC', '7896714250021', 'Sim', '1.2345.6789.321-1', 28);
INSERT INTO embalagem VALUES (825520001, 825510001, '5mg cx 30 comp', '5mg cx 30 comp', '7896015521875', 'Sim', '               63076', 16);
INSERT INTO embalagem VALUES (826690001, 826680001, '5mg cx 10 comp', '5mg cx 10 comp', '7896015521868', 'Sim', '               63075', 16);
INSERT INTO embalagem VALUES (821650001, 821640001, '150mg gel bg 15g', '150mg gel bg 15g', '7896004728148', 'Sim', '               63245', 16);
INSERT INTO embalagem VALUES (824530001, 824520001, '4mg fr 30 cap', '4mg fr 30 cap', '7891268102048', 'Sim', '               63374', 16);
INSERT INTO embalagem VALUES (831580001, 831570001, '5mg+1,5+500mg sol inj 1ampx1ml+1ampx1ml', '5mg+1,5+500mg sol i', '7891317474034', 'Sim', '               63394', 16);
INSERT INTO embalagem VALUES (835420001, 835410001, 'elixir fr 120ml', 'elixir fr 120ml', '7896004703565', 'Sim', '               63404', 16);
INSERT INTO embalagem VALUES (834430001, 834420001, '1mg sus oft gts fr 5ml', '1mg sus oft gts fr ', '7896006244066', 'Sim', '               63423', 16);
INSERT INTO embalagem VALUES (822280001, 822270001, '0,75mg cx 2 comp', '0,75mg cx 2 comp', '7896523206868', 'Sim', '               63451', 16);
INSERT INTO embalagem VALUES (830230001, 830220001, '5mg sol inj cx 100 amp hosp', '5mg sol inj cx 100 ', '7898404220673', 'Sim', '               63482', 16);
INSERT INTO embalagem VALUES (822100001, 822090001, 'cx 12 comp', 'cx 12 comp', '7896004705767', 'Sim', '               63487', 16);
INSERT INTO embalagem VALUES (822400001, 822390001, 'sus fr 60ml', 'sus fr 60ml', '7896004701400', 'Sim', '               63488', 16);
INSERT INTO embalagem VALUES (749570001, 749540001, 'ENALAPRIL', 'ENALAPRIL', '7897917001175', 'Sim', NULL, 28);
INSERT INTO embalagem VALUES (832030001, 832020001, '2+0,035mg cx 21 comp rev', '2+0,035mg cx 21 com', '7891721010026', 'Sim', '               63493', 16);
INSERT INTO embalagem VALUES (829510001, 829500001, '11,6mg gel bg 30g', '11,6mg gel bg 30g', '7896112174929', 'Sim', '               63520', 16);
INSERT INTO embalagem VALUES (827710001, 827700001, '50mg cx 20 comp rev', '50mg cx 20 comp rev', '7898216363438', 'Sim', '               63554', 16);
INSERT INTO embalagem VALUES (825940001, 825930001, '50mg cx 400 comp rev emb frac', '50mg cx 400 comp re', '7899547505207', 'Sim', '               63558', 16);
INSERT INTO embalagem VALUES (830440001, 830430001, '50mg cx 20 comp rev', '50mg cx 20 comp rev', '7899547505184', 'Sim', '               63557', 16);
INSERT INTO embalagem VALUES (833410001, 833400001, '50mg cx 500 comp rev emb hosp', '50mg cx 500 comp re', '7899547505191', 'Sim', '               63578', 16);
INSERT INTO embalagem VALUES (829540001, 829530001, '8mg cx 30 comp', '8mg cx 30 comp', '7896181921288', 'Sim', '               63591', 16);
INSERT INTO embalagem VALUES (822520001, 822510001, '0,125mg cx 30 comp', '0,125mg cx 30 comp', '7896658017100', 'Sim', '               63608', 16);
INSERT INTO embalagem VALUES (827140001, 827130001, '0,250mg cx 30 comp', '0,250mg cx 30 comp', '7896658017155', 'Sim', '               63609', 16);
INSERT INTO embalagem VALUES (548570001, 548560001, 'DIGESTIL SOL. ORAL C/20 ML', 'DIGESTIL SOL. ORAL C', '7896112141679', 'Sim', NULL, 25);
INSERT INTO embalagem VALUES (680270001, 548560001, NULL, NULL, NULL, 'Nao', NULL, 18);
INSERT INTO embalagem VALUES (548590001, 548560001, 'DIGESTIL SOL. ORAL C/20 ML', 'DIGESTIL SOL. ORAL C', '7896112141679', 'Nao', NULL, 25);
INSERT INTO embalagem VALUES (823990001, 823980001, '0,25mg cx 25 comp', '0,25mg cx 25 comp', '7896269901072', 'Sim', '               63684', 16);
INSERT INTO embalagem VALUES (832540001, 832530001, 'expectorante fr 120ml', 'expectorante fr 120', '7891045040150', 'Sim', '               63705', 16);
INSERT INTO embalagem VALUES (821110001, 821100001, '80+2,5mg fr gts 20ml', '80+2,5mg fr gts 20ml', '7894916142175', 'Sim', '               63710', 16);
INSERT INTO embalagem VALUES (730530001, 730520001, 'DIMINUT CPR REV 1X21ETICO', 'DIMINUT CPR REV 1X21', '7896094200470', 'Sim', NULL, 17);
INSERT INTO embalagem VALUES (730550001, 730520001, 'DIMINUT CPR REV 1X21ETICO', 'DIMINUT CPR REV 1X21', '7896094200470', 'Nao', NULL, 17);
INSERT INTO embalagem VALUES (826960001, 826950001, '40mg cx 28 comp div', '40mg cx 28 comp div', '7896261011069', 'Sim', '               63760', 16);
INSERT INTO embalagem VALUES (827470001, 827460001, '40mg cx 14 comp div rev', '40mg cx 14 comp div', '7896261011076', 'Sim', '               63759', 16);
INSERT INTO embalagem VALUES (561460001, 561430001, 'DIPIMED', 'DIPIMED', '78999999999999', 'Sim', NULL, 23);
INSERT INTO embalagem VALUES (561440001, 561430001, 'DIPIMED', 'DIPIMED', '78999999999999', 'Nao', NULL, 23);
INSERT INTO embalagem VALUES (829360001, 829350001, '500mg sol or fr gts 20ml', '500mg sol or fr gts', '7896714213736', 'Sim', '               63834', 16);
INSERT INTO embalagem VALUES (830020001, 830010001, 'PFS 10mg/ml sol inj 1amp x 50ml', 'PFS 10mg/ml sol inj', '7896206400897', 'Sim', '               63882', 16);
INSERT INTO embalagem VALUES (823690001, 823680001, 'bisn c/ 30 grs', 'bisn c/ 30 grs', '7893454511818', 'Sim', '               63884', 16);
INSERT INTO embalagem VALUES (824320001, 824310001, '5+2mg/ml sus inj 1amp x 1ml', '5+2mg/ml sus inj 1a', '7898075310864', 'Sim', '               63891', 16);
INSERT INTO embalagem VALUES (730600001, 730570001, 'DIUPRESS 25MG CPR 1X20ETICO', 'DIUPRESS 25MG CPR 1X', '7891317000288', 'Nao', NULL, 17);
INSERT INTO embalagem VALUES (679930001, 679900001, 'TESTE 323', 'TESTE 323', '123456789', 'Sim', NULL, 24);
INSERT INTO embalagem VALUES (730580001, 730570001, 'DIUPRESS 25MG CPR 1X20ETICO', 'DIUPRESS 25MG CPR 1X', '7891317000288', 'Sim', NULL, 17);
INSERT INTO embalagem VALUES (823540001, 823530001, '25mg cx 20 comp', '25mg cx 20 comp', '7893736002300', 'Sim', '               63923', 16);
INSERT INTO embalagem VALUES (825070001, 825060001, '15mg cx 20 comp', '15mg cx 20 comp', '7896226501178', 'Sim', '               64111', 16);
INSERT INTO embalagem VALUES (832300001, 832290001, 'sol oral ped fr c/ 20 ml', 'sol oral ped fr c/ ', '7896641800580', 'Sim', '               64169', 16);
INSERT INTO embalagem VALUES (732550001, 732520001, 'DRAMIN B6 CPR 1X30ETICO', 'DRAMIN B6 CPR 1X30ET', '7896641805943', 'Nao', NULL, 20);
INSERT INTO embalagem VALUES (732530001, 732520001, 'DRAMIN B6 CPR 1X30ETICO', 'DRAMIN B6 CPR 1X30ET', '7896641805943', 'Sim', NULL, 23);
INSERT INTO embalagem VALUES (829840001, 829830001, '2mg/ml sol oral fr 120ml', '2mg/ml sol oral fr ', '7899095235717', 'Sim', '               64215', 16);
INSERT INTO embalagem VALUES (823930001, 823920001, '70mg cx 20 cap', '70mg cx 20 cap', '7896004720159', 'Sim', '               64222', 16);
INSERT INTO embalagem VALUES (824350001, 824340001, '70mg cx 14 cap', '70mg cx 14 cap', '7896004720142', 'Sim', '               64221', 16);
INSERT INTO embalagem VALUES (827380001, 827370001, '70mg cx 10 cap', '70mg cx 10 cap', '7896004720166', 'Sim', '               64220', 16);
INSERT INTO embalagem VALUES (833860001, 833850001, 'sol 6ml cx 180und', 'sol 6ml cx 180und', '7896323910064', 'Sim', '               64269', 16);
INSERT INTO embalagem VALUES (825910001, 825900001, 'D cx 5 cap', 'D cx 5 cap', '7896070005303', 'Sim', '               64277', 16);
INSERT INTO embalagem VALUES (821410001, 821400001, '10mg cx 14 comp', '10mg cx 14 comp', '5702157141005', 'Sim', '               64281', 16);
INSERT INTO embalagem VALUES (749550001, 749540001, 'ENALAPRIL', 'ENALAPRIL', '7897917001175', 'Sim', NULL, 32);
INSERT INTO embalagem VALUES (833650001, 833640001, 'fr 15ml', 'fr 15ml', '7897316805381', 'Sim', '               64434', 16);
INSERT INTO embalagem VALUES (730630001, 730620001, 'EPAREMA DRG 1X20OUTROS', 'EPAREMA DRG 1X20OUTR', '7896641800306', 'Sim', NULL, 18);
INSERT INTO embalagem VALUES (730650001, 730620001, 'EPAREMA DRG 1X20OUTROS', 'EPAREMA DRG 1X20OUTR', '7896641800306', 'Nao', NULL, 18);
INSERT INTO embalagem VALUES (830890001, 830880001, '40.000ui sol inj 1ser preench x 1,0ml+1 disp', '40.000ui sol inj 1s', '7896212423866', 'Sim', '               64543', 16);
INSERT INTO embalagem VALUES (824500001, 824490001, 'unidade rosca', 'unidade rosca', '7891158028618', 'Sim', '               64548', 16);
INSERT INTO embalagem VALUES (822700001, 822690001, '5mg cx 28 comp', '5mg cx 28 comp', '7891045006217', 'Sim', '               64554', 16);
INSERT INTO embalagem VALUES (823390001, 823380001, '10mg cx 28 comp', '10mg cx 28 comp', '7891045006231', 'Sim', '               64553', 16);
INSERT INTO embalagem VALUES (820420001, 820410001, '5mg/ml sol inj fa x 100ml', '5mg/ml sol inj fa x', '7891721021213', 'Sim', '               64555', 16);
INSERT INTO embalagem VALUES (820690001, 820680001, '5mg/ml sol inj fa x 20ml', '5mg/ml sol inj fa x', '7891721021220', 'Sim', '               64556', 16);
INSERT INTO embalagem VALUES (822640001, 822630001, 'kit 14eso 14cla 28amox + 28eso-s', 'kit 14eso 14cla 28a', '7894916510202', 'Sim', '               64676', 16);
INSERT INTO embalagem VALUES (732580001, 732570001, 'ESPIRONOLACTONA 25MG CPR 1X30 EURGENERICO', 'ESPIRONOLACTONA 25MG', '7891317431358', 'Nao', NULL, 22);
INSERT INTO embalagem VALUES (732600001, 732570001, 'ESPIRONOLACTONA 25MG CPR 1X30 EURGENERICO', 'ESPIRONOLACTONA 25MG', '7891317431358', 'Sim', NULL, 25);
INSERT INTO embalagem VALUES (820510001, 820500001, '1,5mg cx 28 cap', '1,5mg cx 28 cap', '7896261007758', 'Sim', '               64902', 16);
INSERT INTO embalagem VALUES (820870001, 820860001, '1,5mg cx 14 cap', '1,5mg cx 14 cap', '7896261007741', 'Sim', '               64901', 16);
INSERT INTO embalagem VALUES (821350001, 821340001, '3mg cx 28 cap', '3mg cx 28 cap', '7896261007772', 'Sim', '               64905', 16);
INSERT INTO embalagem VALUES (821800001, 821790001, '3mg cx 56 cap', '3mg cx 56 cap', '7896261007765', 'Sim', '               64906', 16);
INSERT INTO embalagem VALUES (825550001, 825540001, '6mg cx 28 cap', '6mg cx 28 cap', '7896261007796', 'Sim', '               64908', 16);
INSERT INTO embalagem VALUES (826060001, 826050001, '4,5mg cx 28 cap', '4,5mg cx 28 cap', '7896261007789', 'Sim', '               64907', 16);
INSERT INTO embalagem VALUES (829660001, 829650001, '20mg cx 30 comp rev', '20mg cx 30 comp rev', '7896658018084', 'Sim', '               64937', 16);
INSERT INTO embalagem VALUES (831820001, 831810001, '20mg cx 7 comp rev', '20mg cx 7 comp rev', '7896658018046', 'Sim', '               64938', 16);
INSERT INTO embalagem VALUES (734140001, 734110001, 'EXTRATOR DE PIOLHOS LENDEAS', 'EXTRATOR DE PIOLHOS ', '7898421990108', 'Nao', NULL, 21);
INSERT INTO embalagem VALUES (833050001, 833040001, '10mg fr 28 comp rev', '10mg fr 28 comp rev', '7898926573103', 'Sim', '               64977', 16);
INSERT INTO embalagem VALUES (694560001, 694530001, 'GSFGSF', 'FGFGF', '54454564', 'Sim', '1.2345.6789.321-1', 25);
INSERT INTO embalagem VALUES (694740001, 694530001, 'GSFGSF', 'FGFGF', '54454564', 'Sim', '1.2345.6789.321-1', 19);
INSERT INTO embalagem VALUES (732650001, 732620001, 'FEMINA 150MCG CPR REV 1X63ETICO', 'FEMINA 150MCG CPR RE', '7896658002212', 'Nao', NULL, 21);
INSERT INTO embalagem VALUES (732630001, 732620001, 'FEMINA 150MCG CPR REV 1X63ETICO', 'FEMINA 150MCG CPR RE', '7896658002212', 'Sim', NULL, 24);
INSERT INTO embalagem VALUES (832090001, 832080001, '2+0,035mg cx 63 drg', '2+0,035mg cx 63 drg', '7898505092032', 'Sim', '               65135', 16);
INSERT INTO embalagem VALUES (832150001, 832140001, 'cx 30 saches', 'cx 30 saches', '7898014563733', 'Sim', '               65159', 16);
INSERT INTO embalagem VALUES (832450001, 832440001, 'cx 10 saches', 'cx 10 saches', '7898014563726', 'Sim', '               65158', 16);
INSERT INTO embalagem VALUES (734270001, 734260001, 'FIO DENTAL HILLO EXTRA FINO', 'FIO DENTAL HILLO EXT', '7896444211125', 'Sim', NULL, 21);
INSERT INTO embalagem VALUES (734290001, 734260001, 'FIO DENTAL HILLO EXTRA FINO', 'FIO DENTAL HILLO EXT', '7896444211125', 'Nao', NULL, 21);
INSERT INTO embalagem VALUES (734220001, 734210001, 'FIO DENTAL HILLO TRADICIONAL', 'FIO DENTAL HILLO TRA', '7896444211118', 'Sim', NULL, 23);
INSERT INTO embalagem VALUES (734240001, 734210001, 'FIO DENTAL HILLO TRADICIONAL', 'FIO DENTAL HILLO TRA', '7896444211118', 'Nao', NULL, 23);
INSERT INTO embalagem VALUES (734340001, 734310001, 'FITA DENTAL HILLO', 'FITA DENTAL HILLO', '7896444211132', 'Nao', NULL, 21);
INSERT INTO embalagem VALUES (734320001, 734310001, 'FITA DENTAL HILLO', 'FITA DENTAL HILLO', '7896444211132', 'Sim', NULL, 21);
INSERT INTO embalagem VALUES (828160001, 828150001, '125mg cx 4 cap', '125mg cx 4 cap', '7896658021503', 'Sim', '               65265', 16);
INSERT INTO embalagem VALUES (829210001, 829200001, '125mg cx 10 cap', '125mg cx 10 cap', '7896658021527', 'Sim', '               65264', 16);
INSERT INTO embalagem VALUES (732700001, 732670001, 'FLAGASS 75MG/ML GTS 10MLOUTROS', 'FLAGASS 75MG/ML GTS ', '7896658004018', 'Nao', NULL, 20);
INSERT INTO embalagem VALUES (732680001, 732670001, 'FLAGASS 75MG/ML GTS 10MLOUTROS', 'FLAGASS 75MG/ML GTS ', '7896658004018', 'Sim', NULL, 23);
INSERT INTO embalagem VALUES (820240001, 820230001, '5mg cx 20 comp', '5mg cx 20 comp', '7898060138718', 'Sim', '               65275', 16);
INSERT INTO embalagem VALUES (821560001, 821550001, '20mg cx 20 comp', '20mg cx 20 comp', '7898060138725', 'Sim', '               65274', 16);
INSERT INTO embalagem VALUES (833710001, 833700001, '550mg cx 10 comp rev', '550mg cx 10 comp rev', '7891106006507', 'Sim', '               65289', 16);
INSERT INTO embalagem VALUES (820630001, 820620001, '22,25mg cx 30 comp rev', '22,25mg cx 30 comp ', '7896317906233', 'Sim', '               65317', 16);
INSERT INTO embalagem VALUES (827110001, 827100001, '22,25mg cx 20 comp rev', '22,25mg cx 20 comp ', '7896317906226', 'Sim', '               65316', 16);
INSERT INTO embalagem VALUES (707040001, 707030001, 'FLUTINOL', 'FLUTINOL', '7896180300213', 'Nao', NULL, 20);
INSERT INTO embalagem VALUES (832390001, 832380001, '3,0mg cx 2 past sb menta', '3,0mg cx 2 past sb ', '7896658007781', 'Sim', '               65353', 16);
INSERT INTO embalagem VALUES (824470001, 824460001, '1,5mg sol fr 150ml+cm', '1,5mg sol fr 150ml+', '7897299902565', 'Sim', '               65365', 16);
INSERT INTO embalagem VALUES (824860001, 824850001, '1,5mg sol fr spray 30ml', '1,5mg sol fr spray ', '7897299902558', 'Sim', '               65366', 16);
INSERT INTO embalagem VALUES (826360001, 826350001, '400mg cx 14 comp', '400mg cx 14 comp', '7897595601667', 'Sim', '               65411', 16);
INSERT INTO embalagem VALUES (826630001, 826620001, '500mg cx 6 comp rev', '500mg cx 6 comp rev', '7891721015496', 'Sim', '               65424', 16);
INSERT INTO embalagem VALUES (828910001, 828900001, '500mg cx 14 comp rev', '500mg cx 14 comp rev', '7891721015502', 'Sim', '               65423', 16);
INSERT INTO embalagem VALUES (826120001, 826110001, '100mg cx 100 comp emb frac', '100mg cx 100 comp e', '7896676413663', 'Sim', '               65427', 16);
INSERT INTO embalagem VALUES (826810001, 826800001, '150mg cx 30 cap', '150mg cx 30 cap', '7896004720173', 'Sim', '               65467', 16);
INSERT INTO embalagem VALUES (834040001, 834030001, '150mg cx 1 cap', '150mg cx 1 cap', '7897595607355', 'Sim', '               65454', 16);
INSERT INTO embalagem VALUES (834520001, 834510001, '150mg cx 2 cap', '150mg cx 2 cap', '7897595607362', 'Sim', '               65461', 16);
INSERT INTO embalagem VALUES (706720001, 706690001, 'FLUIMARE HIPERTONICO ', 'FLUIMARE HIPERTONICO', '7898074614147', 'Sim', '0.6343.3611.031-4', 26);
INSERT INTO embalagem VALUES (706700001, 706690001, 'FLUIMARE HIPERTONICO ', 'FLUIMARE HIPERTONICO', '7898074614147', 'Sim', '0.6343.3611.031-4', 25);
INSERT INTO embalagem VALUES (831310001, 831300001, '600mg cx 16 comp efv', '600mg cx 16 comp efv', '7898074617612', 'Sim', '               65506', 16);
INSERT INTO embalagem VALUES (707060001, 707030001, 'FLUTINOL', 'FLUTINOL', '7896180300213', 'Sim', NULL, 20);
INSERT INTO embalagem VALUES (706750001, 706740001, 'FLUTINOL SUSP OFTAL ', 'FLUTINOL SUSP OFTAL ', '7896180300213', 'Nao', NULL, 17);
INSERT INTO embalagem VALUES (706770001, 706740001, 'FLUTINOL SUSP OFTAL ', 'FLUTINOL SUSP OFTAL ', NULL, 'Sim', NULL, 17);
INSERT INTO embalagem VALUES (829120001, 829110001, '20mg cx 60 cap', '20mg cx 60 cap', '7891317103033', 'Sim', '               65574', 16);
INSERT INTO embalagem VALUES (548290001, 548270001, 'FLUXON 75MG C/30 COMP', 'FLUXON 75MG C/30 COM', '7896714203492', 'Sim', '1.2345.6789.321-1', 251);
INSERT INTO embalagem VALUES (548280001, 548270001, 'FLUXON 75MG C/30 COMP', 'FLUXON 75MG C/30 COM', '657679878', 'Sim', '1.2345.6789.321-1', 223);
INSERT INTO embalagem VALUES (825850001, 825840001, '0,4mg/ml sol oral fr 100ml', '0,4mg/ml sol oral f', '7896317906202', 'Sim', '               65586', 16);
INSERT INTO embalagem VALUES (829030001, 829020001, '300mg cx 1000 comp rev emb hosp', '300mg cx 1000 comp ', '7898272940956', 'Sim', '               65618', 16);
INSERT INTO embalagem VALUES (834880001, 834870001, '650+65mg cx 20 comp rev', '650+65mg cx 20 comp', '7896006211297', 'Sim', '               65625', 16);
INSERT INTO embalagem VALUES (822790001, 822780001, '12mcg po inal cx 60 cap s/ inal', '12mcg po inal cx 60', '7896261007703', 'Sim', '               65631', 16);
INSERT INTO embalagem VALUES (729850001, 729820001, 'FORMOCAPS 12MCG CPS 1X30 S/INALETICO', 'FORMOCAPS 12MCG ', '7896181907558', 'Nao', NULL, 17);
INSERT INTO embalagem VALUES (729830001, 729820001, 'FORMOCAPS 12MCG CPS 1X30 S/INALETICO', 'FORMOCAPS 12MCG ', '7896181907558', 'Sim', NULL, 17);
INSERT INTO embalagem VALUES (821890001, 821880001, '0,12+1,4% fr 15ml', '0,12+1,4% fr 15ml', '7897316805480', 'Sim', '               65719', 16);
INSERT INTO embalagem VALUES (730780001, 730770001, 'ICADEN CR 20GETICO', 'ICADEN CR 20GETICO', '7795320008821', 'Sim', NULL, 17);
INSERT INTO embalagem VALUES (820840001, 820830001, '1mg cx 30 comp', '1mg cx 30 comp', '7891268103175', 'Sim', '               65731', 16);
INSERT INTO embalagem VALUES (823180001, 823170001, '0,5mg cx 30 comp', '0,5mg cx 30 comp', '7891268103144', 'Sim', '               65730', 16);
INSERT INTO embalagem VALUES (831970001, 831960001, '2mg cx 30 comp', '2mg cx 30 comp', '7891268103212', 'Sim', '               65737', 16);
INSERT INTO embalagem VALUES (832690001, 832680001, '0,50mg cx 30 comp lib lenta', '0,50mg cx 30 comp l', '7891268103205', 'Sim', '               65735', 16);
INSERT INTO embalagem VALUES (830470001, 830460001, '100mg cx 30 comp rev', '100mg cx 30 comp rev', '7896015524418', 'Sim', '               65776', 16);
INSERT INTO embalagem VALUES (832990001, 832980001, '200mg cx 30 comp rev', '200mg cx 30 comp rev', '7896015524470', 'Sim', '               65784', 16);
INSERT INTO embalagem VALUES (730680001, 730670001, 'FURACIN POM 30GETICO', 'FURACIN POM 30GETICO', '7891142165152', 'Sim', NULL, 17);
INSERT INTO embalagem VALUES (730700001, 730670001, 'FURACIN POM 30GETICO', 'FURACIN POM 30GETICO', '7891142165152', 'Nao', NULL, 17);
INSERT INTO embalagem VALUES (820720001, 820710001, '400mg cx 30 cap', '400mg cx 30 cap', '7896004713267', 'Sim', '               65866', 16);
INSERT INTO embalagem VALUES (821470001, 821460001, '300mg cx 30 cap', '300mg cx 30 cap', '7896004713250', 'Sim', '               65860', 16);
INSERT INTO embalagem VALUES (826300001, 826290001, '600mg cx 3bl x 9 comp rev', '600mg cx 3bl x 9 co', '7896004727035', 'Sim', '               65871', 16);
INSERT INTO embalagem VALUES (827020001, 827010001, '300mg cx 30 cap', '300mg cx 30 cap', '7896004713274', 'Sim', '               65861', 16);
INSERT INTO embalagem VALUES (827080001, 827070001, '400mg cx 30 cap', '400mg cx 30 cap', '7896004713281', 'Sim', '               65867', 16);
INSERT INTO embalagem VALUES (829750001, 829740001, '600mg cx 3bl x 9 comp rev', '600mg cx 3bl x 9 co', '7896004727028', 'Sim', '               65870', 16);
INSERT INTO embalagem VALUES (730730001, 730720001, 'GARDENAL 100MG CPR 1X20 B1ADENDOETICO', 'GARDENAL 100MG CPR 1', '7896070600669', 'Sim', NULL, 19);
INSERT INTO embalagem VALUES (730750001, 730720001, 'GARDENAL 100MG CPR 1X20 B1ADENDOETICO', 'GARDENAL 100MG CPR 1', '7896070600669', 'Nao', NULL, 19);
INSERT INTO embalagem VALUES (825430001, 825420001, '6% sus oral fr 150ml', '6% sus oral fr 150ml', '7898158691095', 'Sim', '               65962', 16);
INSERT INTO embalagem VALUES (831460001, 831450001, 'sus oral fr 240ml sb morango', 'sus oral fr 240ml s', '7896006244004', 'Sim', '               65975', 16);
INSERT INTO embalagem VALUES (831730001, 831720001, 'fr x 240ml', 'fr x 240ml', '7893736601315', 'Sim', '               65977', 16);
INSERT INTO embalagem VALUES (833260001, 833250001, '30+20mg crem bg 45g+7aplic', '30+20mg crem bg 45g', '7899095203518', 'Sim', '               66103', 16);
INSERT INTO embalagem VALUES (828520001, 828510001, '4mg cx 30 comp', '4mg cx 30 comp', '7896004721606', 'Sim', '               66119', 16);
INSERT INTO embalagem VALUES (823960001, 823950001, '4mg cx 60 comp', '4mg cx 60 comp', '7897595605139', 'Sim', '               66223', 16);
INSERT INTO embalagem VALUES (831790001, 831780001, '4mg cx 60 comp', '4mg cx 60 comp', '7896422513517', 'Sim', '               66224', 16);
INSERT INTO embalagem VALUES (834760001, 834750001, '4mg cx 30 comp', '4mg cx 30 comp', '7896523210940', 'Sim', '               66229', 16);
INSERT INTO embalagem VALUES (828040001, 828030001, '5,0mg cx 30 comp rev', '5,0mg cx 30 comp rev', '7898906376137', 'Sim', '               66239', 16);
INSERT INTO embalagem VALUES (730800001, 730770001, 'ICADEN CR 20GETICO', 'ICADEN CR 20GETICO', '7795320008821', 'Nao', NULL, 17);
INSERT INTO embalagem VALUES (828550001, 828540001, '2,5mg cx 30 comp rev', '2,5mg cx 30 comp rev', '7898906376120', 'Sim', '               66237', 16);
INSERT INTO embalagem VALUES (829240001, 829230001, '20mg cx 30 comp rev', '20mg cx 30 comp rev', '7898906376151', 'Sim', '               66238', 16);
INSERT INTO embalagem VALUES (829480001, 829470001, '10,0mg cx 30 comp rev', '10,0mg cx 30 comp r', '7898906376144', 'Sim', '               66236', 16);
INSERT INTO embalagem VALUES (548690001, 548660001, 'HERVIRAX 200MG C/25 COMP', 'HERVIRAX 200MG C/25 ', '7898216360284', 'Sim', '1.2345.6789.321-1', 29);
INSERT INTO embalagem VALUES (548670001, 548660001, 'HERVIRAX 200MG C/25 COMP', 'HERVIRAX 200MG C/25 ', '7898216360284', 'Sim', '1.2345.6789.321-1', 30);
INSERT INTO embalagem VALUES (729900001, 729870001, 'HIDANTAL CPR 1X25 C1ETICO', 'HIDANTAL CPR 1X25', '7896185909084', 'Nao', NULL, 16);
INSERT INTO embalagem VALUES (729880001, 729870001, 'HIDANTAL CPR 1X25 C1ETICO', 'HIDANTAL CPR 1X25', '7896185909084', 'Sim', NULL, 16);
INSERT INTO embalagem VALUES (821590001, 821580001, '50mg cx 20 comp', '50mg cx 20 comp', '7896714205779', 'Sim', '               66534', 16);
INSERT INTO embalagem VALUES (825670001, 825660001, '50mg cx 20 comp', '50mg cx 20 comp', '7894916143523', 'Sim', '               66529', 16);
INSERT INTO embalagem VALUES (825760001, 825750001, '25mg cx 30 comp', '25mg cx 30 comp', '7894916143516', 'Sim', '               66527', 16);
INSERT INTO embalagem VALUES (835180001, 835170001, '10+250mg cx 20 drg', '10+250mg cx 20 drg', '7896112142379', 'Sim', '               66595', 16);
INSERT INTO embalagem VALUES (548110001, 548100001, 'HISTAMIN XAROPE C/100ML', 'HISTAMIN XAROPE', '7896714219318', 'Sim', '5.4545.4654.565-6', 459);
INSERT INTO embalagem VALUES (548130001, 548100001, 'HISTAMIN XAROPE C/100ML', 'HISTAMIN XAROPE C/10', '7896714219318', 'Sim', '5.4564.4564.655-6', 524);
INSERT INTO embalagem VALUES (830620001, 830610001, '100ui/ml sol inj cx 1fa 10ml', '100ui/ml sol inj cx', '7896382700750', 'Sim', '               66657', 16);
INSERT INTO embalagem VALUES (830110001, 830100001, 'champagne 3ml caneta p/aplic de insulina', 'champagne 3ml canet', '7896382706028', 'Sim', '               66668', 16);
INSERT INTO embalagem VALUES (824680001, 824670001, '50mg cx 100 comp rev', '50mg cx 100 comp rev', '7895858010379', 'Sim', '               66831', 16);
INSERT INTO embalagem VALUES (827290001, 827280001, '50mg cx 50 comp rev', '50mg cx 50 comp rev', '7895858010362', 'Sim', '               66832', 16);
INSERT INTO embalagem VALUES (825970001, 825960001, 'AP 180mg cx 30 comp rev', 'AP 180mg cx 30 comp', '7898906376205', 'Sim', '               66840', 16);
INSERT INTO embalagem VALUES (826420001, 826410001, 'AP 240mg cx 30 comp rev', 'AP 240mg cx 30 comp', '7898906376212', 'Sim', '               66841', 16);
INSERT INTO embalagem VALUES (831100001, 831090001, 'AP 120mg cx 30 comp rev', 'AP 120mg cx 30 comp', '7898906376199', 'Sim', '               66839', 16);
INSERT INTO embalagem VALUES (831940001, 831930001, 'AP 90mg cx 30 comp rev', 'AP 90mg cx 30 comp ', '7898906376182', 'Sim', '               66842', 16);
INSERT INTO embalagem VALUES (820270001, 820260001, '1,5mg cx 60 comp rev', '1,5mg cx 60 comp rev', '7895296228039', 'Sim', '               66844', 16);
INSERT INTO embalagem VALUES (823300001, 823290001, '1,5mg cx 10 comp rev', '1,5mg cx 10 comp rev', '7895296228015', 'Sim', '               66843', 16);
INSERT INTO embalagem VALUES (831490001, 831480001, '100mg cx 120 comp rev', '100mg cx 120 comp r', '7896212422715', 'Sim', '               66897', 16);
INSERT INTO embalagem VALUES (834610001, 834600001, '200mg cx 30 cap', '200mg cx 30 cap', '7898945030304', 'Sim', '               66942', 16);
INSERT INTO embalagem VALUES (830860001, 830850001, '75mg cx 30 comp', '75mg cx 30 comp', '7896083400775', 'Sim', '               66957', 16);
INSERT INTO embalagem VALUES (827920001, 827910001, '6 mg com ct bl al plas inc x 80', '6 mg com ct bl al p', '7897655405549', 'Sim', '               66999', 16);
INSERT INTO embalagem VALUES (548770001, 548760001, 'IVERMECTINA 6MG C/2 COMP. GENERICO', 'IVERMECTINA 6MG C/2 ', '7898049792351', 'Sim', '1.2345.6789.321-1', 35);
INSERT INTO embalagem VALUES (808200001, 808170001, 'K 21', 'K 21', '98778998778998', 'Sim', '2.1313.2123.123-1', 19);
INSERT INTO embalagem VALUES (808180001, 808170001, 'K 21', 'K 21', '98778998778998', 'Sim', '2.1564.5645.645-4', 18);
INSERT INTO embalagem VALUES (548440001, 548410001, 'KALONAT C/10ML', 'KALONAT C/10ML', '7898133134753', 'Nao', NULL, 26);
INSERT INTO embalagem VALUES (548420001, 548410001, 'KALONAT C/10ML', 'KALONAT C/10ML', '7898133134753', 'Sim', NULL, 26);
INSERT INTO embalagem VALUES (831070001, 831060001, 'IV 50mg po liof inj fa x 10ml', 'IV 50mg po liof inj', '7891158021206', 'Sim', '               67140', 16);
INSERT INTO embalagem VALUES (822550001, 822540001, '300mg cx 20 comp', '300mg cx 20 comp', '7896658005558', 'Sim', '               67203', 16);
INSERT INTO embalagem VALUES (823330001, 823320001, '300mg cx 12 comp', '300mg cx 12 comp', '7896658005541', 'Sim', '               67202', 16);
INSERT INTO embalagem VALUES (823450001, 823440001, '150mg cx 20 comp', '150mg cx 20 comp', '7896658005534', 'Sim', '               67200', 16);
INSERT INTO embalagem VALUES (730840001, 730830001, 'LABIRIN 16MG CPR 1X30ETICO', 'LABIRIN 16MG CPR 1X3', '7896637022903', 'Sim', NULL, 18);
INSERT INTO embalagem VALUES (730860001, 730830001, 'LABIRIN 16MG CPR 1X30ETICO', 'LABIRIN 16MG CPR 1X3', '7896637022903', 'Nao', NULL, 18);
INSERT INTO embalagem VALUES (823120001, 823110001, 'fr 5ml +100aplic', 'fr 5ml +100aplic', '7897316805459', 'Sim', '               67358', 16);
INSERT INTO embalagem VALUES (734640001, 734610001, 'LENCO POTE BABY CARE BOY 70UN', 'LENCO POTE BABY CARE', '7898095296452', 'Nao', NULL, 23);
INSERT INTO embalagem VALUES (734620001, 734610001, 'LENCO POTE BABY CARE BOY 70UN', 'LENCO POTE BABY CARE', '7898095296452', 'Sim', NULL, 23);
INSERT INTO embalagem VALUES (734690001, 734660001, 'LENCO POTE BABY CARE GIRL', 'LENCO POTE BABY CARE', '7898095296476', 'Nao', NULL, 22);
INSERT INTO embalagem VALUES (734670001, 734660001, 'LENCO POTE BABY CARE GIRL', 'LENCO POTE BABY CARE', '7898095296476', 'Sim', NULL, 22);
INSERT INTO embalagem VALUES (831400001, 831390001, '500mg cx 10 comp rev', '500mg cx 10 comp rev', '7896212429035', 'Sim', '               67412', 16);
INSERT INTO embalagem VALUES (829150001, 829140001, '25mcg cx 30 comp', '25mcg cx 30 comp', '7891721019791', 'Sim', '               67485', 16);
INSERT INTO embalagem VALUES (833020001, 833010001, '250mg cx 30 cap', '250mg cx 30 cap', '7896083400768', 'Sim', '               67527', 16);
INSERT INTO embalagem VALUES (832420001, 832410001, '500mg cx 1 comp', '500mg cx 1 comp', '7896094901216', 'Sim', '               67530', 16);
INSERT INTO embalagem VALUES (832660001, 832650001, '100mg cx 6 comp', '100mg cx 6 comp', '7896094901209', 'Sim', '               67528', 16);
INSERT INTO embalagem VALUES (826750001, 826740001, '20mg cx 30 comp rev', '20mg cx 30 comp rev', '7896112169413', 'Sim', '               67610', 16);
INSERT INTO embalagem VALUES (827740001, 827730001, '20mg cx 60 comp rev', '20mg cx 60 comp rev', '7896112169437', 'Sim', '               67611', 16);
INSERT INTO embalagem VALUES (827530001, 827520001, '2mg cx 15 comp rev', '2mg cx 15 comp rev', '7896382707131', 'Sim', '               67667', 16);
INSERT INTO embalagem VALUES (734570001, 734560001, 'LIXA P/UNHA TRADIC MINI C/100', 'LIXA P/UNHA TRADIC M', '7896818212253', 'Sim', NULL, 22);
INSERT INTO embalagem VALUES (734590001, 734560001, 'LIXA P/UNHA TRADIC MINI C/100', 'LIXA P/UNHA TRADIC M', '7896818212253', 'Nao', NULL, 22);
INSERT INTO embalagem VALUES (829930001, 829920001, '80mg esm unha fr 3g+30 lencos', '80mg esm unha fr 3g', '7891058409050', 'Sim', '               67722', 16);
INSERT INTO embalagem VALUES (831610001, 831600001, '50mg cx 100 comp emb frac', '50mg cx 100 comp em', '7896676413717', 'Sim', '               67831', 16);
INSERT INTO embalagem VALUES (822970001, 822960001, '60mg cx 8 comp', '60mg cx 8 comp', '7897411600270', 'Sim', '               67886', 16);
INSERT INTO embalagem VALUES (821140001, 821130001, '0,01% fr 5ml', '0,01% fr 5ml', '7897316805411', 'Sim', '               67912', 16);
INSERT INTO embalagem VALUES (749620001, 749590001, 'METOCLOPRAMIDA', 'METOCLOPRAMIDA', '7897917000970', 'Sim', NULL, 30);
INSERT INTO embalagem VALUES (821860001, 821850001, '0,01% fr 3ml', '0,01% fr 3ml', '7897316805404', 'Sim', '               67911', 16);
INSERT INTO embalagem VALUES (831880001, 831870001, '22,5mg po liof inj cx fa vd inc dil ser 2agu', '22,5mg po liof inj ', '7891158027952', 'Sim', '               67915', 16);
INSERT INTO embalagem VALUES (825460001, 825450001, '0,4+0,05mg xpe fr 120ml', '0,4+0,05mg xpe fr 1', '7894916143509', 'Sim', '               67997', 16);
INSERT INTO embalagem VALUES (833740001, 833730001, '0,4+0,05mg xpe fr 120ml', '0,4+0,05mg xpe fr 1', '7896006232544', 'Sim', '               67995', 16);
INSERT INTO embalagem VALUES (826510001, 826500001, '10+25mg cx 30 comp', '10+25mg cx 30 comp', '7896181905769', 'Sim', '               68063', 16);
INSERT INTO embalagem VALUES (730910001, 730880001, 'MATERNA CPR REV 1X30OUTROS', 'MATERNA CPR REV 1X30', '7891045006248', 'Nao', NULL, 17);
INSERT INTO embalagem VALUES (730890001, 730880001, 'fr 30 comp', 'fr 30 comp', '7891045006248', 'Sim', '               68139', 19);
INSERT INTO embalagem VALUES (549000001, 548990001, 'MAXALGINA C/100ML INFANTIL C/ SERINGA', 'MAXALGINA C/100ML IN', '7898133138751', 'Sim', '1.2345.6789.321-1', 30);
INSERT INTO embalagem VALUES (835330001, 835320001, 'pom oft bg 3,5g', 'pom oft bg 3,5g', '7896006290483', 'Sim', '               68172', 16);
INSERT INTO embalagem VALUES (823870001, 823860001, 'fr 20ml', 'fr 20ml', '7898430190988', 'Sim', '               68182', 16);
INSERT INTO embalagem VALUES (753450001, 753420001, 'MEL PROPOLIS', 'MEL PROPOLIS', '7898270570117', 'Sim', NULL, 22);
INSERT INTO embalagem VALUES (753430001, 753420001, 'MEL PROPOLS', 'MEL PROPOLS', '7898270570117', 'Sim', NULL, 21);
INSERT INTO embalagem VALUES (833110001, 833100001, '7,5mg cx 10 comp', '7,5mg cx 10 comp', '7896004703510', 'Sim', '               68284', 16);
INSERT INTO embalagem VALUES (753480001, 753470001, 'MELZ.PURO ', 'MELZ.PURO ', '18031994', 'Sim', NULL, 22);
INSERT INTO embalagem VALUES (753500001, 753470001, 'MELZ.PURO ', 'MELZ.PURO ', '18031994', 'Sim', NULL, 23);
INSERT INTO embalagem VALUES (820930001, 820920001, '500mu cx 12 comp', '500mu cx 12 comp', '7896658005589', 'Sim', '               68354', 16);
INSERT INTO embalagem VALUES (834970001, 834960001, '1g po sol inj cx fa (emb hosp)', '1g po sol inj cx fa', '7897406113693', 'Sim', '               68384', 16);
INSERT INTO embalagem VALUES (824140001, 824130001, '4mg cx 20 comp', '4mg cx 20 comp', '7897595605146', 'Sim', '               68434', 16);
INSERT INTO embalagem VALUES (749600001, 749590001, 'METOCLOPRAMIDA', 'METOCLOPRAMIDA', '7897917000970', 'Sim', NULL, 34);
INSERT INTO embalagem VALUES (821710001, 821700001, 'esmalte fr 6g+lixas', 'esmalte fr 6g+lixas', '7897129300240', 'Sim', '               68543', 16);
INSERT INTO embalagem VALUES (828310001, 828300001, '100mui sol or fr 50ml', '100mui sol or fr 50', '7896472502158', 'Sim', '               68559', 16);
INSERT INTO embalagem VALUES (830770001, 830760001, '25mui creme vag 60g+aplic', '25mui creme vag 60g', '7896472502127', 'Sim', '               68560', 16);
INSERT INTO embalagem VALUES (731000001, 730970001, 'MICRODIOL CPR 1X21ETICO', 'MICRODIOL CPR 1X21ET', '7897572000230', 'Nao', NULL, 18);
INSERT INTO embalagem VALUES (730980001, 730970001, 'MICRODIOL CPR 1X21ETICO', 'MICRODIOL CPR 1X21ET', '789757200230', 'Sim', NULL, 18);
INSERT INTO embalagem VALUES (828700001, 828690001, '0,075+0,020mg cx 21 comp rev', '0,075+0,020mg cx 21', '7894916206419', 'Sim', '               68570', 16);
INSERT INTO embalagem VALUES (732730001, 732720001, 'MICROVLAR DRG 1X21ETICO', 'MICROVLAR DRG 1X21ET', '7891106905961', 'Nao', NULL, 22);
INSERT INTO embalagem VALUES (749400001, 749390001, 'ACECLOFENACO', 'ACECLOFENACO', '7898049795260', 'Sim', NULL, 44);
INSERT INTO embalagem VALUES (833440001, 833430001, 'creme bg 30g', 'creme bg 30g', '7896004716541', 'Sim', '               57608', 16);
INSERT INTO embalagem VALUES (830380001, 830370001, '15mg creme derm bg 30g', '15mg creme derm bg ', '7896004716534', 'Sim', '               57607', 16);
INSERT INTO embalagem VALUES (732750001, 732720001, 'MICROVLAR DRG 1X21ETICO', 'MICROVLAR DRG 1X21ET', '7891106905961', 'Sim', NULL, 25);
INSERT INTO embalagem VALUES (831220001, 831210001, 'cx 12 comp', 'cx 12 comp', '7894916206426', 'Sim', '               68589', 16);
INSERT INTO embalagem VALUES (732780001, 732770001, 'MILLAR BIS 30GOUTROS', 'MILLAR BIS 30GOUTROS', '7896658000089', 'Sim', NULL, 23);
INSERT INTO embalagem VALUES (732800001, 732770001, 'MILLAR BIS 30GOUTROS', 'MILLAR BIS 30GOUTROS', '7896658000089', 'Nao', NULL, 20);
INSERT INTO embalagem VALUES (833290001, 833280001, '100mg sab 80g (+5% IPI)', '100mg sab 80g (+5% ', '7896658005619', 'Sim', '               68685', 16);
INSERT INTO embalagem VALUES (834400001, 834390001, '200mcl/ml emu top fr 100ml', '200mcl/ml emu top f', '7896658005602', 'Sim', '               68686', 16);
INSERT INTO embalagem VALUES (821200001, 821190001, '4mg gran 30 saches x350mg', '4mg gran 30 saches ', '7896658019531', 'Sim', '               68732', 16);
INSERT INTO embalagem VALUES (821380001, 821370001, '4mg gran 10 saches x350mg', '4mg gran 10 saches ', '7896658019548', 'Sim', '               68731', 16);
INSERT INTO embalagem VALUES (822490001, 822480001, '4mg cx 30 sach', '4mg cx 30 sach', '7896658019593', 'Sim', '               68738', 16);
INSERT INTO embalagem VALUES (823660001, 823650001, '4mg cx 10 sach', '4mg cx 10 sach', '7896658019586', 'Sim', '               68737', 16);
INSERT INTO embalagem VALUES (832330001, 832320001, '1mg/ml sus or fr 200ml', '1mg/ml sus or fr 20', '7896212422777', 'Sim', '               68753', 16);
INSERT INTO embalagem VALUES (834910001, 834900001, '1mg/ml sus or fr 60ml', '1mg/ml sus or fr 60', '7896212422784', 'Sim', '               68754', 16);
INSERT INTO embalagem VALUES (834100001, 834090001, '600mg fr 30 drg rev', '600mg fr 30 drg rev', '7891268105315', 'Sim', '               68765', 16);
INSERT INTO embalagem VALUES (826000001, 825990001, '5mui+900ui+150mg pom bg 45g', '5mui+900ui+150mg po', '7896472502097', 'Sim', '               68816', 16);
INSERT INTO embalagem VALUES (824620001, 824610001, '10mg cx 10 comp rev', '10mg cx 10 comp rev', '7896004727080', 'Sim', '               68848', 16);
INSERT INTO embalagem VALUES (832000001, 831990001, '100mg po sol inj fa x 1', '100mg po sol inj fa', '7899337000479', 'Sim', '               68854', 16);
INSERT INTO embalagem VALUES (833230001, 833220001, '50mg po sol inj fa x 1', '50mg po sol inj fa ', '7899337000455', 'Sim', '               68855', 16);
INSERT INTO embalagem VALUES (824260001, 824250001, 'fr gts 30ml', 'fr gts 30ml', '7898430190971', 'Sim', '               68866', 16);
INSERT INTO embalagem VALUES (824740001, 824730001, 'cx 60 comp', 'cx 60 comp', '7898430190964', 'Sim', '               68867', 16);
INSERT INTO embalagem VALUES (830530001, 830520001, 'cx 60 comp', 'cx 60 comp', '7898430190933', 'Sim', '               68868', 16);
INSERT INTO embalagem VALUES (830920001, 830910001, 'cx 60 comp', 'cx 60 comp', '7898430190940', 'Sim', '               68869', 16);
INSERT INTO embalagem VALUES (825160001, 825150001, 'cx 60 comp', 'cx 60 comp', '7898430190957', 'Sim', '               68870', 16);
INSERT INTO embalagem VALUES (548390001, 548360001, 'NATURAX GELEIA C/150 G', 'NATURAX GELEIA C/150', '7896920300565', 'Nao', NULL, 31);
INSERT INTO embalagem VALUES (548370001, 548360001, 'NATURAX GELEIA C/150 G', 'NATURAX GELEIA C/150', '7896920300565', 'Sim', NULL, 28);
INSERT INTO embalagem VALUES (820900001, 820890001, '500mg cx 8 comp', '500mg cx 8 comp', '7891268105407', 'Sim', '               69007', 16);
INSERT INTO embalagem VALUES (706790001, 706780001, 'OTO XILODASE GTS 8ML', 'OTO XILODASE GTS 8ML', '7896637022439', 'Nao', NULL, 21);
INSERT INTO embalagem VALUES (833470001, 833460001, '5mg+250ui pom bg 10g', '5mg+250ui pom bg 10g', '7896472502103', 'Sim', '               69014', 16);
INSERT INTO embalagem VALUES (548520001, 548510001, 'NEO FOLICO 5MG C/20 COMP', 'NEO FOLICO 5MG C/20 ', '7896714201108', 'Sim', NULL, 25);
INSERT INTO embalagem VALUES (548540001, 548510001, 'NEO FOLICO 5MG C/20 COMP', 'NEO FOLICO 5MG C/20 ', '7896714201108', 'Nao', NULL, 25);
INSERT INTO embalagem VALUES (548920001, 548890001, 'NEO MISTATIN SUSP PRAL C/50ML', 'NEO MISTATIN SUSP PR', '7896714260655', 'Sim', '1.2345.6789.321-1', 30);
INSERT INTO embalagem VALUES (548900001, 548890001, 'NEO MISTATIN SUSP PRAL C/50ML', 'NEO MISTATIN SUSP PR', '7896714260655', 'Sim', '1.2345.6789.321-1', 31);
INSERT INTO embalagem VALUES (822010001, 822000001, '250mg po sus fr 150ml', '250mg po sus fr 150', '7896714220048', 'Sim', '               69089', 16);
INSERT INTO embalagem VALUES (548490001, 548460001, 'NEOLEFRIN BABY SOLUCAO C/15ML', 'NEOLEFRIN BABY SOLUC', '7896714203898', 'Sim', '1.2345.6789.321-1', 61);
INSERT INTO embalagem VALUES (548470001, 548460001, 'NEOLEFRIN BABY SOLUCAO C/15ML', 'NEOLEFRIN BABY SOLUC', '7896714203898', 'Sim', '1.2345.6789.321-1', 50);
INSERT INTO embalagem VALUES (697690001, 697680001, 'ABC 10MG/ML SOL SPRAY FR 30ML', 'ABC 10MG/ML SOL SPRA', '7896331702583', 'Sim', '1.2345.6789.321-1', 60);
INSERT INTO embalagem VALUES (697710001, 697680001, 'ABC 10MG/ML SOL SPRAY FR 30ML', 'ABC 10MG/ML SOL SPRA', '7896331702583', 'Sim', '1.2345.6789.321-1', 48);
INSERT INTO embalagem VALUES (824170001, 824160001, '80mg cx 30 comp rev', '80mg cx 30 comp rev', '7896714242729', 'Sim', '               69174', 16);
INSERT INTO embalagem VALUES (830500001, 830490001, '100mg cx 30 cap', '100mg cx 30 cap', '7896676410235', 'Sim', '               69265', 16);
INSERT INTO embalagem VALUES (830560001, 830550001, '50mg cx 30 cap', '50mg cx 30 cap', '7896676410228', 'Sim', '               69267', 16);
INSERT INTO embalagem VALUES (729950001, 729920001, 'NEUTROFER FOLICO GTS 30MLETICO', 'NEUTROFER FOLICO', '7894916501736', 'Nao', NULL, 17);
INSERT INTO embalagem VALUES (729930001, 729920001, 'NEUTROFER FOLICO GTS 30MLETICO', 'NEUTROFER FOLICO', '7894916501736', 'Sim', NULL, 17);
INSERT INTO embalagem VALUES (834010001, 834000001, '3+0,02mg cx 72 comp rev', '3+0,02mg cx 72 comp', '7894916510288', 'Sim', '               69330', 16);
INSERT INTO embalagem VALUES (758020001, 758010001, 'TESTE282', 'TESTE282', '18', 'Sim', NULL, 24);
INSERT INTO embalagem VALUES (834310001, 834300001, '3+0,02mg cx 24 comp rev', '3+0,02mg cx 24 comp', '7894916510271', 'Sim', '               69329', 16);
INSERT INTO embalagem VALUES (835450001, 835440001, '2mg cx 36 past sb menta', '2mg cx 36 past sb m', '7896015517670', 'Sim', '               69379', 16);
INSERT INTO embalagem VALUES (833680001, 833670001, '100mg 24g gran env', '100mg 24g gran env', '7896658005626', 'Sim', '               69432', 16);
INSERT INTO embalagem VALUES (834160001, 834150001, '20mg/g locao fr 30g', '20mg/g locao fr 30g', '7898148295715', 'Sim', '               69466', 16);
INSERT INTO embalagem VALUES (830710001, 830700001, '20mg/g creme derm bg x 30g', '20mg/g creme derm b', '7896331702781', 'Sim', '               69504', 16);
INSERT INTO embalagem VALUES (823900001, 823890001, '400mg fr 14 comp', '400mg fr 14 comp', '7896004700311', 'Sim', '               69564', 16);
INSERT INTO embalagem VALUES (834580001, 834570001, 'cx 10 comp', 'cx 10 comp', '7896004705804', 'Sim', '               69573', 16);
INSERT INTO embalagem VALUES (731050001, 731020001, 'NORIPURUM GTS 30MLETICO', 'NORIPURUM GTS 30MLET', '7896641805479', 'Sim', NULL, 18);
INSERT INTO embalagem VALUES (731030001, 731020001, 'NORIPURUM GTS 30MLETICO', 'NORIPURUM GTS 30MLET', '7896641805479', 'Nao', NULL, 18);
INSERT INTO embalagem VALUES (826030001, 826020001, '1g str 10 comp efev', '1g str 10 comp efev', '7891058015756', 'Sim', '               69625', 16);
INSERT INTO embalagem VALUES (809470001, 809460001, 'NOVO PRODUTO', 'NOVO PRODUTO', '78998787787897', 'Sim', '3.2231.3256.454-5', 20);
INSERT INTO embalagem VALUES (828880001, 828870001, '1,0mg cx 30 comp', '1,0mg cx 30 comp', '7897705200810', 'Sim', '               69679', 16);
INSERT INTO embalagem VALUES (830260001, 830250001, '2,0mg cx 30 comp', '2,0mg cx 30 comp', '7897705200841', 'Sim', '               69680', 16);
INSERT INTO embalagem VALUES (753550001, 753520001, 'SPRAY GENGIBRE', 'SPRAY GENGIBRE', '7898056230068', 'Sim', NULL, 37);
INSERT INTO embalagem VALUES (828010001, 828000001, '200mg/g creme derm bg 60g', '200mg/g creme derm ', '7897930761377', 'Sim', '               69714', 16);
INSERT INTO embalagem VALUES (826540001, 826530001, '500mg cx 21 cap', '500mg cx 21 cap', '7896472502080', 'Sim', '               69753', 16);
INSERT INTO embalagem VALUES (828490001, 828480001, '250mg fr 60ml', '250mg fr 60ml', '7896472502172', 'Sim', '               69748', 16);
INSERT INTO embalagem VALUES (734540001, 734510001, 'OLEO BANANA FARMAX 28ML', 'OLEO BANANA FARMAX 2', '7896902217751', 'Nao', NULL, 23);
INSERT INTO embalagem VALUES (734520001, 734510001, 'OLEO BANANA FARMAX 28ML', 'OLEO BANANA FARMAX 2', '7896902217751', 'Sim', NULL, 23);
INSERT INTO embalagem VALUES (749670001, 749640001, 'OLEO DE AMENDOA', 'OLEO DE AMENDOA', '7898031310631', 'Sim', NULL, 29);
INSERT INTO embalagem VALUES (749650001, 749640001, 'OLEO DE AMENDOA', 'OLEO DE AMENDOA', '7898031310631', 'Sim', NULL, 32);
INSERT INTO embalagem VALUES (824920001, 824910001, '20mg cx 7 cap', '20mg cx 7 cap', '7896181905790', 'Sim', '               69919', 16);
INSERT INTO embalagem VALUES (825790001, 825780001, '10mg cx 14 cap', '10mg cx 14 cap', '7896181905776', 'Sim', '               69903', 16);
INSERT INTO embalagem VALUES (834790001, 834780001, '20mg cx 42 caps', '20mg cx 42 caps', '7896422517843', 'Sim', '               69941', 16);
INSERT INTO embalagem VALUES (826150001, 826140001, '40mg/ml susp fr 1ml', '40mg/ml susp fr 1ml', '7898144460442', 'Sim', '               70007', 16);
INSERT INTO embalagem VALUES (831340001, 831330001, '500mg cx 60 comp rev', '500mg cx 60 comp rev', '7891058034092', 'Sim', '               70066', 16);
INSERT INTO embalagem VALUES (831040001, 831030001, '35mg cx 4 comp rev', '35mg cx 4 comp rev', '7896004736921', 'Sim', '               70093', 16);
INSERT INTO embalagem VALUES (831520001, 831510001, '35mg cx 12 comp rev', '35mg cx 12 comp rev', '7896004736938', 'Sim', '               70092', 16);
INSERT INTO embalagem VALUES (706810001, 706780001, 'OTO XILODASE GTS 8ML', 'OTO XILODASE GTS 8ML', '7896637022439', 'Sim', NULL, 21);
INSERT INTO embalagem VALUES (834370001, 834360001, '250mg inj 1ser preench x 0,5ml', '250mg inj 1ser pree', '7898106035421', 'Sim', '               70127', 16);
INSERT INTO embalagem VALUES (829570001, 829560001, '30mg cx 60 comp', '30mg cx 60 comp', '7896181905707', 'Sim', '               70203', 16);
INSERT INTO embalagem VALUES (829000001, 828990001, '10mg/ml sol fr 20ml', '10mg/ml sol fr 20ml', '7898168009361', 'Sim', '               70213', 16);
INSERT INTO embalagem VALUES (821980001, 821970001, '100mui+200mg pom bg 60g', '100mui+200mg pom bg', '7898158693228', 'Sim', '               70222', 16);
INSERT INTO embalagem VALUES (733940001, 733910001, 'PALITO DUAS PONTAS PARA UNHA C/50 UNID', 'PALITO DUAS PONTAS P', '7898144121629', 'Nao', NULL, 23);
INSERT INTO embalagem VALUES (733920001, 733910001, 'PALITO DUAS PONTAS PARA UNHA C/50 UNID', 'PALITO DUAS PONTAS P', '7898144121629', 'Sim', NULL, 23);
INSERT INTO embalagem VALUES (830950001, 830940001, '500mg cx 1 comp', '500mg cx 1 comp', '7896212429028', 'Sim', '               70299', 16);
INSERT INTO embalagem VALUES (831010001, 831000001, '40mg cx 28 comp rev', '40mg cx 28 comp rev', '7898907313476', 'Sim', '               70318', 16);
INSERT INTO embalagem VALUES (834850001, 834840001, '20mg cx 28 comp rev', '20mg cx 28 comp rev', '7898907313421', 'Sim', '               70317', 16);
INSERT INTO embalagem VALUES (824830001, 824820001, '40mg gran rev cx 28 env', '40mg gran rev cx 28', '7896641806261', 'Sim', '               70409', 16);
INSERT INTO embalagem VALUES (826270001, 826260001, '100mg sol oral fr 15ml', '100mg sol oral fr 1', '7894916143530', 'Sim', '               70425', 16);
INSERT INTO embalagem VALUES (827500001, 827490001, '32mg sol oral fr 60ml', '32mg sol oral fr 60', '7894916143554', 'Sim', '               70436', 16);
INSERT INTO embalagem VALUES (753530001, 753520001, 'SPRAY GENGIBRE', 'SPRAY GENGIBRE', '7898056230068', 'Sim', NULL, 32);
INSERT INTO embalagem VALUES (829060001, 829050001, '750mg cx 20 comp', '750mg cx 20 comp', '7896004703596', 'Sim', '               70443', 16);
INSERT INTO embalagem VALUES (828580001, 828570001, 'bg 5g cx 360und', 'bg 5g cx 360und', '7896323910040', 'Sim', '               70559', 16);
INSERT INTO embalagem VALUES (835300001, 835290001, '5mg cx 30 comp sub', '5mg cx 30 comp sub', '7894916509510', 'Sim', '               70563', 16);
INSERT INTO embalagem VALUES (733870001, 733860001, 'PENTE FINO C/24', 'PENTE FINO C/24', '7896818211867', 'Sim', NULL, 31);
INSERT INTO embalagem VALUES (733890001, 733860001, 'PENTE FINO C/24', 'PENTE FINO C/24', '7896818211867', 'Nao', NULL, 26);
INSERT INTO embalagem VALUES (821080001, 821070001, '400mg cx 30 comp rev', '400mg cx 30 comp rev', '7896422521864', 'Sim', '               70642', 16);
INSERT INTO embalagem VALUES (731100001, 731070001, 'PERCOF XPE 120MLETICO', 'PERCOF XPE 120MLETIC', '7891317411909', 'Nao', NULL, 21);
INSERT INTO embalagem VALUES (731080001, 731070001, 'PERCOF XPE 120MLETICO', 'PERCOF XPE 120MLETIC', '7891317411909', 'Sim', NULL, 21);
INSERT INTO embalagem VALUES (821500001, 821490001, '4mg cx 30 comp', '4mg cx 30 comp', '7897076908643', 'Sim', '               70675', 16);
INSERT INTO embalagem VALUES (835090001, 835080001, '50mg/ml locao cream fr 60ml', '50mg/ml locao cream', '7897848502840', 'Sim', '               70684', 16);
INSERT INTO embalagem VALUES (824440001, 824430001, 'cx 45 cap', 'cx 45 cap', '7896023785535', 'Sim', '               70724', 16);
INSERT INTO embalagem VALUES (733990001, 733960001, 'PINCEL IMPORTADO C/1', 'PINCEL IMPORTADO C/1', '6954232585825', 'Nao', NULL, 23);
INSERT INTO embalagem VALUES (733970001, 733960001, 'PINCEL IMPORTADO C/1', 'PINCEL IMPORTADO C/1', '6954232585825', 'Sim', NULL, 23);
INSERT INTO embalagem VALUES (832510001, 832500001, '10mg cx 12 comp', '10mg cx 12 comp', '7893353603126', 'Sim', '               70835', 16);
INSERT INTO embalagem VALUES (731150001, 731120001, 'PLASIL GTS 10MLETICO', 'PLASIL GTS 10MLETICO', '7891058059019', 'Nao', NULL, 17);
INSERT INTO embalagem VALUES (731130001, 731120001, 'PLASIL GTS 10MLETICO', 'PLASIL GTS 10MLETICO', '7891058059019', 'Sim', NULL, 17);
INSERT INTO embalagem VALUES (827230001, 827220001, '25mg cx 28 comp', '25mg cx 28 comp', '7898906376229', 'Sim', '               70864', 16);
INSERT INTO embalagem VALUES (827560001, 827550001, '50mg cx 28 comp', '50mg cx 28 comp', '7898906376236', 'Sim', '               70865', 16);
INSERT INTO embalagem VALUES (830680001, 830670001, '25mg cx 10 comp rev', '25mg cx 10 comp rev', '7891317474058', 'Sim', '               70958', 16);
INSERT INTO embalagem VALUES (821170001, 821160001, '0,25mg cx 100 comp emb hosp', '0,25mg cx 100 comp ', '7898146829394', 'Sim', '               71001', 16);
INSERT INTO embalagem VALUES (822340001, 822330001, '0,25mg cx 30 comp', '0,25mg cx 30 comp', '7898146829370', 'Sim', '               71003', 16);
INSERT INTO embalagem VALUES (822820001, 822810001, '0,25mg cx 60 comp', '0,25mg cx 60 comp', '7898146829387', 'Sim', '               71004', 16);
INSERT INTO embalagem VALUES (823030001, 823020001, '0,25mg cx 10 comp', '0,25mg cx 10 comp', '7898146829349', 'Sim', '               71000', 16);
INSERT INTO embalagem VALUES (823270001, 823260001, '0,25mg cx 15 comp', '0,25mg cx 15 comp', '7898146829356', 'Sim', '               71002', 16);
INSERT INTO embalagem VALUES (833320001, 833310001, '0,125mg cx 100 comp emb hosp', '0,125mg cx 100 comp', '7898146829318', 'Sim', '               70996', 16);
INSERT INTO embalagem VALUES (833800001, 833790001, '0,125mg cx 60 comp', '0,125mg cx 60 comp', '7898146829301', 'Sim', '               70999', 16);
INSERT INTO embalagem VALUES (828220001, 828210001, '40mg cx 30 comp', '40mg cx 30 comp', '7891721019777', 'Sim', '               71035', 16);
INSERT INTO embalagem VALUES (833890001, 833880001, '10mg cx 30 comp', '10mg cx 30 comp', '7891721019739', 'Sim', '               71033', 16);
INSERT INTO embalagem VALUES (757990001, 757960001, 'TESTE28', 'TESTE28', '18012107', 'Sim', NULL, 26);
INSERT INTO embalagem VALUES (835120001, 835110001, '20mg cx 30 comp', '20mg cx 30 comp', '7891721019753', 'Sim', '               71034', 16);
INSERT INTO embalagem VALUES (822310001, 822300001, '15mg cx 14 cap dura lib retard', '15mg cx 14 cap dura', '7896422501965', 'Sim', '               71052', 16);
INSERT INTO embalagem VALUES (825010001, 825000001, '15mg cx 28 cap dura lib retard', '15mg cx 28 cap dura', '7896422501972', 'Sim', '               71053', 16);
INSERT INTO embalagem VALUES (824200001, 824190001, '1,34mg sol or fr 100ml+ser dos', '1,34mg sol or fr 10', '7891058015718', 'Sim', '               71078', 16);
INSERT INTO embalagem VALUES (820960001, 820950001, '20mg cx 10 comp', '20mg cx 10 comp', '7896658016066', 'Sim', '               71079', 16);
INSERT INTO embalagem VALUES (821920001, 821910001, '5mg cx 20 comp', '5mg cx 20 comp', '7896658016042', 'Sim', '               71080', 16);
INSERT INTO embalagem VALUES (822760001, 822750001, '1mg sol inj 10 amp x 10ml', '1mg sol inj 10 amp ', '7891058006204', 'Sim', '               71195', 16);
INSERT INTO embalagem VALUES (732850001, 732820001, 'PRIMERA 30MCG CPR 1X21ETICO', 'PRIMERA 30MCG CPR 1X', '7891317008284', 'Nao', NULL, 23);
INSERT INTO embalagem VALUES (732830001, 732820001, 'PRIMERA 30MCG CPR 1X21ETICO', 'PRIMERA 30MCG CPR 1X', '7891317008284', 'Sim', NULL, 26);
INSERT INTO embalagem VALUES (832120001, 832110001, 'creme derm 50g', 'creme derm 50g', '7896685300961', 'Sim', '               71224', 16);
INSERT INTO embalagem VALUES (685430001, 685400001, 'CAIXA', 'CAIXA', '7896181904922', 'Sim', '1.2312.3121.231-2', 64);
INSERT INTO embalagem VALUES (685410001, 685400001, 'PACOTE', 'PACOTE', '7896181904922', 'Sim', '1.2313.2132.123-1', 88);
INSERT INTO embalagem VALUES (730950001, 730930001, 'TRYHH', 'HRTHR', '534', 'Nao', NULL, 16);
INSERT INTO embalagem VALUES (823600001, 823590001, '1,0mg pom derm bg 10g', '1,0mg pom derm bg 1', '7899337000530', 'Sim', '               71397', 16);
INSERT INTO embalagem VALUES (730940001, 730930001, '43534', '23452', NULL, 'Sim', NULL, 16);
INSERT INTO embalagem VALUES (829300001, 829290001, '25mg gel derm bg 30g', '25mg gel derm bg 30g', '7896070601826', 'Sim', '               71268', 16);
INSERT INTO embalagem VALUES (830170001, 830160001, '20mg/ml sol or ct fr vd amb cgt x 20ml', '20mg/ml sol or ct f', '7896070601895', 'Sim', '               71267', 16);
INSERT INTO embalagem VALUES (825310001, 825300001, '200mg cx 10 comp des lenta', '200mg cx 10 comp de', '7896070601796', 'Sim', '               71275', 16);
INSERT INTO embalagem VALUES (833830001, 833820001, 'cx 30 cap', 'cx 30 cap', '7896658020018', 'Sim', '               71304', 16);
INSERT INTO embalagem VALUES (835210001, 835200001, 'cx 15 cap', 'cx 15 cap', '7896658020025', 'Sim', '               71303', 16);
INSERT INTO embalagem VALUES (821680001, 821670001, '0,5mg sol cap fr 50g', '0,5mg sol cap fr 50g', '7896004713243', 'Sim', '               71345', 16);
INSERT INTO embalagem VALUES (826660001, 826650001, '0,5mg/g creme bg 30g', '0,5mg/g creme bg 30g', '7896112113584', 'Sim', '               71349', 16);
INSERT INTO embalagem VALUES (734170001, 734160001, 'PROTETOR DE CERDAS HILLO', 'PROTETOR DE CERDAS H', '7896444210760', 'Sim', NULL, 21);
INSERT INTO embalagem VALUES (734190001, 734160001, 'PROTETOR DE CERDAS HILLO', 'PROTETOR DE CERDAS H', '7896444210760', 'Nao', NULL, 21);
INSERT INTO embalagem VALUES (821050001, 821040001, '0,3mg pom derm bg 10g', '0,3mg pom derm bg 1', '7899337000509', 'Sim', '               71396', 16);
INSERT INTO embalagem VALUES (823150001, 823140001, '1,0mg pom derm bg 30g', '1,0mg pom derm bg 3', '7899337000547', 'Sim', '               71398', 16);
INSERT INTO embalagem VALUES (731180001, 731170001, 'SOMALGIN CARD 100MG CPR 1X32OUTROS', 'SOMALGIN CARD 100MG ', '7894916209908', 'Nao', NULL, 19);
INSERT INTO embalagem VALUES (821440001, 821430001, '2mg sol oral fr 100ml', '2mg sol oral fr 100', '7896290400575', 'Sim', '               71429', 16);
INSERT INTO embalagem VALUES (821740001, 821730001, '25mg cx 30 comp', '25mg cx 30 comp', '7896290400568', 'Sim', '               71428', 16);
INSERT INTO embalagem VALUES (822580001, 822570001, '10mg cx 30 comp', '10mg cx 30 comp', '7896290400551', 'Sim', '               71427', 16);
INSERT INTO embalagem VALUES (827440001, 827430001, 'sol or fr gts 20ml', 'sol or fr gts 20ml', '7898430190995', 'Sim', '               71463', 16);
INSERT INTO embalagem VALUES (828070001, 828060001, '10mg-ml sus or ct fr vd amb 40ml', '10mg-ml sus or ct f', '7898505090953', 'Sim', '               71484', 16);
INSERT INTO embalagem VALUES (829630001, 829620001, '100mg com rev ct bl al plas in 6cpr', '100mg com rev ct bl', '7898505090984', 'Sim', '               71483', 16);
INSERT INTO embalagem VALUES (830980001, 830970001, '200mg cx 30 comp rev', '200mg cx 30 comp rev', '7896004731094', 'Sim', '               71512', 16);
INSERT INTO embalagem VALUES (835000001, 834990001, '25mg cx 30 comp rev', '25mg cx 30 comp rev', '7894916509503', 'Sim', '               71519', 16);
INSERT INTO embalagem VALUES (827620001, 827610001, 'fr 50 comp', 'fr 50 comp', '7893454100104', 'Sim', '               71640', 16);
INSERT INTO embalagem VALUES (832720001, 832710001, 'pom bg 3,5g', 'pom bg 3,5g', '7896006290421', 'Sim', '               71650', 16);
INSERT INTO embalagem VALUES (822430001, 822420001, '100ml n. 1', '100ml n. 1', '7898158260116', 'Sim', '               71651', 16);
INSERT INTO embalagem VALUES (832840001, 832830001, 'Pack-On 355+120ml  (+12% IPI)', 'Pack-On 355+120ml  ', '7896046383008', 'Sim', '               71731', 16);
INSERT INTO embalagem VALUES (822370001, 822360001, 'locao oleosa fr 30ml', 'locao oleosa fr 30ml', '7896112436881', 'Sim', '               71741', 16);
INSERT INTO embalagem VALUES (824050001, 824040001, 'locao oleosa fr 100ml', 'locao oleosa fr 100', '7896112436843', 'Sim', '               71740', 16);
INSERT INTO embalagem VALUES (834670001, 834660001, '100+2+2mg/ml sol or fr gts x 20ml', '100+2+2mg/ml sol or', '7894164003440', 'Sim', '               71759', 16);
INSERT INTO embalagem VALUES (739950001, 739940001, 'RESFENOL', 'RESFENOL', '7896331703443', 'Nao', NULL, 19);
INSERT INTO embalagem VALUES (739970001, 739940001, 'RESFENOL', 'RESFENOL', '7896331703443', 'Sim', NULL, 19);
INSERT INTO embalagem VALUES (833530001, 833520001, 'kit distribuidor', 'kit distribuidor', '7896015523350', 'Sim', '               71792', 16);
INSERT INTO embalagem VALUES (834820001, 834810001, 'pele normal cx 10 tiras grande (+10% IPI)', 'pele normal cx 10 t', '7896015519773', 'Sim', '               71795', 16);
INSERT INTO embalagem VALUES (829390001, 829380001, '50mg cx 28comp rev', '50mg cx 28comp rev', '7898272940963', 'Sim', '               71840', 16);
INSERT INTO embalagem VALUES (829780001, 829770001, '50mg cx 30 comp rev', '50mg cx 30 comp rev', '7898272940970', 'Sim', '               71841', 16);
INSERT INTO embalagem VALUES (827650001, 827640001, '50mg cx 30 comp rev', '50mg cx 30 comp rev', '7898272940994', 'Sim', '               71844', 16);
INSERT INTO embalagem VALUES (828460001, 828450001, '50mg cx 28 comp rev', '50mg cx 28 comp rev', '7898272940987', 'Sim', '               71843', 16);
INSERT INTO embalagem VALUES (833380001, 833370001, '35mg cx 12 comp rev', '35mg cx 12 comp rev', '7894916509541', 'Sim', '               71879', 16);
INSERT INTO embalagem VALUES (731200001, 731170001, 'SOMALGIN CARD 100MG CPR 1X32OUTROS', 'SOMALGIN CARD 100MG ', '7894916209908', 'Sim', NULL, 19);
INSERT INTO embalagem VALUES (826930001, 826920001, '1mg cx 60 comp rev', '1mg cx 60 comp rev', '7897595605115', 'Sim', '               71938', 16);
INSERT INTO embalagem VALUES (824980001, 824970001, '20mg cx 30 comp rev', '20mg cx 30 comp rev', '8902220109520', 'Sim', '               72022', 16);
INSERT INTO embalagem VALUES (825040001, 825030001, '10mg cx 30 comp rev', '10mg cx 30 comp rev', '8902220109506', 'Sim', '               72020', 16);
INSERT INTO embalagem VALUES (825370001, 825360001, '10mg cx 10 comp rev', '10mg cx 10 comp rev', '8902220109513', 'Sim', '               72019', 16);
INSERT INTO embalagem VALUES (832210001, 832200001, '100+150mg creme bg 30g', '100+150mg creme bg ', '7893736004502', 'Sim', '               72070', 16);
INSERT INTO embalagem VALUES (734430001, 734410001, 'SABONETEIRA FITINESS', 'SABONETEIRA FITINESS', '7896818241383', 'Nao', NULL, 22);
INSERT INTO embalagem VALUES (734420001, 734410001, 'SABONETEIRA FITINESS', 'SABONETEIRA FITINESS', '7896818241383', 'Sim', NULL, 22);
INSERT INTO embalagem VALUES (832810001, 832800001, '30+100mg sab 100g (+5% IPI)', '30+100mg sab 100g (', '7896251800987', 'Sim', '               72189', 16);
INSERT INTO embalagem VALUES (825640001, 825630001, '100mg cx 12 comp', '100mg cx 12 comp', '7898060138756', 'Sim', '               72201', 16);
INSERT INTO embalagem VALUES (826330001, 826320001, '50mg sus fr gts 15ml', '50mg sus fr gts 15ml', '7898060138749', 'Sim', '               72202', 16);
INSERT INTO embalagem VALUES (830350001, 830340001, '10mg cx 14 comp rev', '10mg cx 14 comp rev', '7897076915061', 'Sim', '               72204', 16);
INSERT INTO embalagem VALUES (830830001, 830820001, '10mg cx 28 comp rev', '10mg cx 28 comp rev', '7897076915078', 'Sim', '               72205', 16);
INSERT INTO embalagem VALUES (737120001, 737090001, 'ADSADASD', 'ADSADASD', '9', 'Sim', NULL, 21);
INSERT INTO embalagem VALUES (737100001, 737090001, 'ADSADASD', 'ASDASDS', '9', 'Nao', NULL, 21);
INSERT INTO embalagem VALUES (679910001, 679900001, 'TESTE 32', 'TESTE 32', '123456789', 'Nao', NULL, 24);
INSERT INTO embalagem VALUES (827170001, 827160001, 'sol oral fr15ml', 'sol oral fr15ml', '7896676415698', 'Sim', '               72260', 16);
INSERT INTO embalagem VALUES (825730001, 825720001, '300+50+35mg/ml sol or fr x 20ml', '300+50+35mg/ml sol ', '7896112172727', 'Sim', '               72263', 16);
INSERT INTO embalagem VALUES (824110001, 824100001, '10mg cx 10 comp rev', '10mg cx 10 comp rev', '7895858010386', 'Sim', '               72286', 16);
INSERT INTO embalagem VALUES (826210001, 826200001, '100mg cx 20 comp', '100mg cx 20 comp', '7896206401665', 'Sim', '               72295', 16);
INSERT INTO embalagem VALUES (824770001, 824760001, '100+12,5mg cx 20 comp', '100+12,5mg cx 20 co', '7896206401696', 'Sim', '               72298', 16);
INSERT INTO embalagem VALUES (706840001, 706830001, 'SELOZOK 50MG ', 'SELOZOK 50MG ', '7896206402860', 'Sim', '0.6343.3611.031-4', 25);
INSERT INTO embalagem VALUES (706860001, 706830001, 'SELOZOK 50MG ', 'SELOZOK 50MG ', '7896206402860', 'Sim', '0.6343.3611.031-4', 26);
INSERT INTO embalagem VALUES (821830001, 821820001, 'creme dental repair & protect branq. bg 100g', 'creme dental repair', '7896015528577', 'Sim', '               72334', 16);
INSERT INTO embalagem VALUES (821620001, 821610001, 'fr cx 60 comp', 'fr cx 60 comp', '7897851221615', 'Sim', '               72368', 16);
INSERT INTO embalagem VALUES (820390001, 820380001, 'spray 25+125mcg 120 dos', 'spray 25+125mcg 120', '7896269955204', 'Sim', '               72386', 16);
INSERT INTO embalagem VALUES (834730001, 834720001, 'spray 25+50mcg 120 dos', 'spray 25+50mcg 120 ', '7896269955136', 'Sim', '               72388', 16);
INSERT INTO embalagem VALUES (826780001, 826770001, '5mg cx 30 comp rev', '5mg cx 30 comp rev', '7895858000271', 'Sim', '               72635', 16);
INSERT INTO embalagem VALUES (830050001, 830040001, '20mg cx 30 comp rev', '20mg cx 30 comp rev', '7895858000301', 'Sim', '               72634', 16);
INSERT INTO embalagem VALUES (753600001, 753570001, 'SPRAY ROMA', 'SPRAY ROMA', '7898056230365', 'Sim', NULL, 20);
INSERT INTO embalagem VALUES (753580001, 753570001, 'SPRAY ROMA', 'SPRAY ROMA', '7898056230365', 'Sim', NULL, 19);
INSERT INTO embalagem VALUES (834700001, 834690001, '10mg fr 60ml cap', '10mg fr 60ml cap', '7896251800536', 'Sim', '               72879', 16);
INSERT INTO embalagem VALUES (820450001, 820440001, '6,25mg cx 20 comp', '6,25mg cx 20 comp', '7891058006235', 'Sim', '               72891', 16);
INSERT INTO embalagem VALUES (821230001, 821220001, '12,5mg cx 20 comp', '12,5mg cx 20 comp', '7891058006259', 'Sim', '               72890', 16);
INSERT INTO embalagem VALUES (829600001, 829590001, '75mg cx 30 comp', '75mg cx 30 comp', '7897595601612', 'Sim', '               72910', 16);
INSERT INTO embalagem VALUES (833920001, 833910001, '100mg po liof inj fa vd trans x 50', '100mg po liof inj f', '7896014688296', 'Sim', '               72923', 16);
INSERT INTO embalagem VALUES (834220001, 834210001, '10mg/g creme derm bg 120g', '10mg/g creme derm b', '7898148294268', 'Sim', '               72951', 16);
INSERT INTO embalagem VALUES (825130001, 825120001, 'fr 50 comp rev', 'fr 50 comp rev', '7893454100142', 'Sim', '               73039', 16);
INSERT INTO embalagem VALUES (732900001, 732870001, 'SUMAX 25MG CPR 1X4OUTROS', 'SUMAX 25MG CPR 1X4OU', '7896094201064', 'Nao', NULL, 64);
INSERT INTO embalagem VALUES (732880001, 732870001, 'SUMAX 25MG CPR 1X4OUTROS', 'SUMAX 25MG CPR 1X4OU', '7896094201064', 'Sim', NULL, 62);
INSERT INTO embalagem VALUES (825340001, 825330001, 'ativa pack promocional fr 30 comp rev', 'ativa pack promocio', '7891106909501', 'Sim', '               73065', 16);
INSERT INTO embalagem VALUES (833140001, 833130001, 'ativa fr 30 comp rev', 'ativa fr 30 comp rev', '7891106906715', 'Sim', '               73063', 16);
INSERT INTO embalagem VALUES (758040001, 758010001, 'TESTE282', 'TESTE282', '18', 'Sim', NULL, 23);
INSERT INTO embalagem VALUES (833560001, 833550001, 'ativa fr 60 comp rev', 'ativa fr 60 comp rev', '7891106906722', 'Sim', '               73064', 16);
INSERT INTO embalagem VALUES (833980001, 833970001, 'fr 60 drg', 'fr 60 drg', '7893736003017', 'Sim', '               73072', 16);
INSERT INTO embalagem VALUES (734020001, 734010001, 'TALCO ALFAZEMA 170G', 'TALCO ALFAZEMA 170G', '7898015064123', 'Sim', NULL, 23);
INSERT INTO embalagem VALUES (830140001, 830130001, '500mg cx 3 comp', '500mg cx 3 comp', '7891317019204', 'Sim', '               73156', 16);
INSERT INTO embalagem VALUES (706890001, 706880001, 'TAMISA 20MCG ', 'TAMISA 20MCG ', '7891317008888', 'Nao', NULL, 24);
INSERT INTO embalagem VALUES (706910001, 706880001, 'TAMISA 20MCG', 'TAMISA 20MCG', '7891317008888', 'Sim', NULL, 24);
INSERT INTO embalagem VALUES (732950001, 732920001, 'TAMISA SEM PARAR 30MCG CPR 1X28ETICO', 'TAMISA SEM PARAR 30M', '7891317443931', 'Nao', NULL, 30);
INSERT INTO embalagem VALUES (732930001, 732920001, 'TAMISA SEM PARAR 30MCG CPR 1X28ETICO', 'TAMISA SEM PARAR 30M', '7891317443931', 'Sim', NULL, 33);
INSERT INTO embalagem VALUES (731230001, 731220001, 'TANDRILAX CPR 1X15ETICO', 'TANDRILAX CPR 1X15ET', '7896658004704', 'Sim', NULL, 20);
INSERT INTO embalagem VALUES (731250001, 731220001, 'TANDRILAX CPR 1X15ETICO', 'TANDRILAX CPR 1X15ET', '7896658004704', 'Nao', NULL, 20);
INSERT INTO embalagem VALUES (733130001, 732970001, 'TAPAZOL 10MG CPR 1X50ETICO', 'TAPAZOL 10MG CPR 1X5', '7896241231630', 'Sim', NULL, 25);
INSERT INTO embalagem VALUES (733150001, 732970001, 'TAPAZOL 10MG CPR 1X50ETICO', 'TAPAZOL 10MG CPR 1X5', '7896241231630', 'Nao', NULL, 23);
INSERT INTO embalagem VALUES (823840001, 823830001, '10mg creme derm bg 20g', '10mg creme derm bg ', '7898095341039', 'Sim', '               73282', 16);
INSERT INTO embalagem VALUES (833620001, 833610001, '40mg cx 30 comp', '40mg cx 30 comp', '7895296144056', 'Sim', '               73333', 16);
INSERT INTO embalagem VALUES (828730001, 828720001, '20mg cx 10 comp', '20mg cx 10 comp', '7896004700274', 'Sim', '               73375', 16);
INSERT INTO embalagem VALUES (780780001, 780750001, 'TESTE 0408', 'TESTE 0408', '04082015201612', 'Sim', NULL, 17);
INSERT INTO embalagem VALUES (780760001, 780750001, 'TESTE 0408', 'TESTE 0408', '04082015201612', 'Sim', '', 18);
INSERT INTO embalagem VALUES (757970001, 757960001, 'TESTE28', 'TESTE28', '18012107', 'Sim', NULL, 27);
INSERT INTO embalagem VALUES (744180001, 744160001, 'TESTE', 'TESTE', '7898907401032', 'Sim', NULL, 22);
INSERT INTO embalagem VALUES (744240001, 744160001, 'TESTE', 'TESTE', '7898907401032', 'Nao', NULL, 17);
INSERT INTO embalagem VALUES (746050001, 746040001, 'TESTE22', 'TESTE22', '78922072015093', 'Sim', NULL, 18);
INSERT INTO embalagem VALUES (746070001, 746040001, 'TESTE22', 'TESTE22', '78922072015093', 'Sim', NULL, 17);
INSERT INTO embalagem VALUES (561950001, 561920001, 'TES', 'TES', '878787877545', 'Sim', '1.2345.6789.321-1', 21);
INSERT INTO embalagem VALUES (561930001, 561920001, 'TES', 'TES', '878787877545', 'Nao', '1.2345.6789.321-1', 21);
INSERT INTO embalagem VALUES (760220001, 758130001, 'TESTE 29', 'TESTE 29', '19', 'Nao', '8.7898.9987.987-9', 230);
INSERT INTO embalagem VALUES (762310001, 758130001, 'TESTE 292', 'TESTE 292', '7898907401197', 'Sim', '2.1323.1132.132-1', 184);
INSERT INTO embalagem VALUES (760240001, 758130001, 'TESTE 29', 'TESTE 29', '19', 'Nao', '4.5646.5456.546-5', 220);
INSERT INTO embalagem VALUES (771830001, 758130001, 'TESTE 292', 'TESTE 292', '7898907401197', 'Sim', '2.1323.1312.321-3', 175);
INSERT INTO embalagem VALUES (758140001, 758130001, 'TESTE283', 'TESTE283', '19', 'Nao', '8.7998.9788.987-9', 231);
INSERT INTO embalagem VALUES (835560001, 758160001, 'TESTE284', 'TESTE284', NULL, 'Sim', NULL, 16);
INSERT INTO embalagem VALUES (758180001, 758160001, 'TESTE284', 'TESTE284', NULL, 'Nao', NULL, 17);
INSERT INTO embalagem VALUES (688460001, 688430001, 'ABCA', 'ABCA', '7897815', 'Sim', NULL, 21);
INSERT INTO embalagem VALUES (688440001, 688430001, 'ABC', 'ABC', '7897815', 'Nao', NULL, 21);
INSERT INTO embalagem VALUES (835360001, 835350001, '300mg cx 28 cap gel dura', '300mg cx 28 cap gel', '7897930761322', 'Sim', '               73441', 16);
INSERT INTO embalagem VALUES (827590001, 827580001, '500mg cx 7 comp rev', '500mg cx 7 comp rev', '7896112156161', 'Sim', '               73444', 16);
INSERT INTO embalagem VALUES (729980001, 729970001, 'TRALEN CR 30GETICO', 'TRALEN CR ', '7891268101010', 'Sim', NULL, 16);
INSERT INTO embalagem VALUES (827890001, 827880001, '500mg c 14 comp rev', '500mg c 14 comp rev', '7896112156185', 'Sim', '               73443', 16);
INSERT INTO embalagem VALUES (821320001, 821310001, '10mg/ml sol inj fa x 15ml hosp', '10mg/ml sol inj fa ', '7898919602216', 'Sim', '               73454', 16);
INSERT INTO embalagem VALUES (822160001, 822150001, '10mg/ml sol inj fa x 45ml hosp', '10mg/ml sol inj fa ', '7898919602261', 'Sim', '               73455', 16);
INSERT INTO embalagem VALUES (823000001, 822990001, '10mg/ml sol inj 1fa x 30ml hosp', '10mg/ml sol inj 1fa', '7898919602247', 'Sim', '               73460', 16);
INSERT INTO embalagem VALUES (820750001, 820740001, '25mg/ml sol inj fa x 20ml hosp', '25mg/ml sol inj fa ', '7898919602230', 'Sim', '               73468', 16);
INSERT INTO embalagem VALUES (828190001, 828180001, '10mg creme derm bg 30g', '10mg creme derm bg ', '7893454509815', 'Sim', '               73560', 16);
INSERT INTO embalagem VALUES (828820001, 828810001, '20+30mg/g creme vag bg 35g+7aplic', '20+30mg/g creme vag', '7898148298655', 'Sim', '               73569', 16);
INSERT INTO embalagem VALUES (734720001, 734710001, 'TOALHAS BABY CARE BICHOS', 'TOALHAS BABY CARE BI', '7898095297749', 'Sim', NULL, 21);
INSERT INTO embalagem VALUES (734740001, 734710001, 'TOALHAS BABY CARE BICHOS', 'TOALHAS BABY CARE BI', '7898095297749', 'Nao', NULL, 21);
INSERT INTO embalagem VALUES (826870001, 826860001, '300mg/5ml sol inal cx 14 env x 4 amp x 5ml', '300mg/5ml sol inal ', '7898919603770', 'Sim', '               73620', 16);
INSERT INTO embalagem VALUES (822670001, 822660001, '50mg cx 60 comp rev', '50mg cx 60 comp rev', '7896181900764', 'Sim', '               73655', 16);
INSERT INTO embalagem VALUES (824710001, 824700001, '500mg cx 30 comp', '500mg cx 30 comp', '8902220105935', 'Sim', '               73734', 16);
INSERT INTO embalagem VALUES (730000001, 729970001, 'TRALEN CR 30GETICO', 'TRALEN CR ', '7891268101010', 'Nao', NULL, 16);
INSERT INTO embalagem VALUES (822910001, 822900001, '1+2,5+0,25mg+100mui creme 30g', '1+2,5+0,25mg+100mui', '7894916142120', 'Sim', '               73843', 16);
INSERT INTO embalagem VALUES (823060001, 823050001, '1+2,5+0,25mg+100mui pom 30g', '1+2,5+0,25mg+100mui', '7894916142137', 'Sim', '               73845', 16);
INSERT INTO embalagem VALUES (829960001, 829950001, '0,1+40+0,5mg crem derm bg 15g', '0,1+40+0,5mg crem d', '7896422517874', 'Sim', '               73874', 16);
INSERT INTO embalagem VALUES (820660001, 820650001, '850mg cx 30 comp', '850mg cx 30 comp', '7898060131115', 'Sim', '               73898', 16);
INSERT INTO embalagem VALUES (832930001, 832920001, 'pom bg 10g', 'pom bg 10g', '7891317412548', 'Sim', '               73935', 16);
INSERT INTO embalagem VALUES (833770001, 833760001, 'creme bg 10g', 'creme bg 10g', '7891317412524', 'Sim', '               73934', 16);
INSERT INTO embalagem VALUES (832480001, 832470001, 'pom tb 10g', 'pom tb 10g', '7891317412555', 'Sim', '               73943', 16);
INSERT INTO embalagem VALUES (833500001, 833490001, 'creme bg 10g', 'creme bg 10g', '7891317412531', 'Sim', '               73942', 16);
INSERT INTO embalagem VALUES (805650001, 805640001, 'TTT', 'TTT', '78956456434654', 'Sim', '1.3121.2132.123-1', 23);
INSERT INTO embalagem VALUES (829870001, 829860001, '500mg cx 40bl x 5 comp e.m', '500mg cx 40bl x 5 c', '7896112171294', 'Sim', '               73995', 16);
INSERT INTO embalagem VALUES (832570001, 832560001, '250mg sus oral fr 100ml', '250mg sus oral fr 1', '7896006234753', 'Sim', '               74050', 16);
INSERT INTO embalagem VALUES (831430001, 831420001, '50mg cx 20 drg', '50mg cx 20 drg', '7896006246381', 'Sim', '               74097', 16);
INSERT INTO embalagem VALUES (835270001, 835260001, '25mg cx 20 drg', '25mg cx 20 drg', '7896006246305', 'Sim', '               74096', 16);
INSERT INTO embalagem VALUES (834340001, 834330001, 'inj ser x 0,5ml', 'inj ser x 0,5ml', '7896015519742', 'Sim', '               74137', 16);
INSERT INTO embalagem VALUES (832870001, 832860001, 'cx 1 ser', 'cx 1 ser', '7896015519735', 'Sim', '               74146', 16);
INSERT INTO embalagem VALUES (822130001, 822120001, '1mg creme bg 30g', '1mg creme bg 30g', '7894916142113', 'Sim', '               74217', 16);
INSERT INTO embalagem VALUES (827770001, 827760001, '80+12,5mg cx 30 comp rev', '80+12,5mg cx 30 com', '7895296094368', 'Sim', '               74319', 16);
INSERT INTO embalagem VALUES (821950001, 821940001, '80+12,5mg cx 30 comp rev', '80+12,5mg cx 30 com', '8902220112179', 'Sim', '               74336', 16);
INSERT INTO embalagem VALUES (835480001, 835470001, '160+25mg cx 30 comp rev', '160+25mg cx 30 comp', '8902220112278', 'Sim', '               74327', 16);
INSERT INTO embalagem VALUES (731300001, 731270001, 'VARICELL 320MG DRG 1X48OUTROS', 'VARICELL 320MG DRG 1', '7898414851713', 'Nao', NULL, 19);
INSERT INTO embalagem VALUES (731280001, 731270001, 'VARICELL 320MG DRG 1X48OUTROS', 'VARICELL 320MG DRG 1', '7898414851713', 'Sim', NULL, 19);
INSERT INTO embalagem VALUES (828400001, 828390001, '100mg cx 30 comp', '100mg cx 30 comp', '7896181907992', 'Sim', '               74407', 16);
INSERT INTO embalagem VALUES (821260001, 821250001, '20mg cx 30 comp rev', '20mg cx 30 comp rev', '7891317489700', 'Sim', '               74428', 16);
INSERT INTO embalagem VALUES (834070001, 834060001, '40mg cx 10 comp rev', '40mg cx 10 comp rev', '7891317489724', 'Sim', '               74429', 16);
INSERT INTO embalagem VALUES (834640001, 834630001, '40mg cx 30 comp rev', '40mg cx 30 comp rev', '7891317489731', 'Sim', '               74430', 16);
INSERT INTO embalagem VALUES (548850001, 548840001, 'VENAFLON 500MG C/30 COMP', 'VENAFLON 500MG C/30 ', '7896112115151', 'Sim', '1.2345.6789.321-1', 27);
INSERT INTO embalagem VALUES (548870001, 548840001, 'VENAFLON 500MG C/30 COMP', 'VENAFLON 500MG C/30 ', '7896112115151', 'Sim', '1.2345.6789.321-1', 26);
INSERT INTO embalagem VALUES (733030001, 733020001, 'VENALOT H CR 240MLETICO', 'VENALOT H CR 240MLET', '7896641809545', 'Sim', NULL, 27);
INSERT INTO embalagem VALUES (733050001, 733020001, 'VENALOT H CR 240MLETICO', 'VENALOT H CR 240MLET', '7896641809545', 'Nao', NULL, 25);
INSERT INTO embalagem VALUES (825190001, 825180001, '150mg cx 14 cap', '150mg cx 14 cap', '8902220105928', 'Sim', '               74480', 16);
INSERT INTO embalagem VALUES (826090001, 826080001, '75mg cx 14 cap', '75mg cx 14 cap', '8902220105904', 'Sim', '               74485', 16);
INSERT INTO embalagem VALUES (826600001, 826590001, '6mg env 2 comp', '6mg env 2 comp', '7898505090908', 'Sim', '               74508', 16);
INSERT INTO embalagem VALUES (824230001, 824220001, '10mg cx 50 comp', '10mg cx 50 comp', '7896714239712', 'Sim', '               74528', 16);
INSERT INTO embalagem VALUES (706940001, 706930001, 'VERTIX CPR ', 'VERTIX CPR ', '7896658000713', 'Sim', '0.6343.3611.031-4', 22);
INSERT INTO embalagem VALUES (825220001, 825210001, '50mg cx 1 comp rev', '50mg cx 1 comp rev', '7891268102062', 'Sim', '               74557', 16);
INSERT INTO embalagem VALUES (828790001, 828780001, '50mg cx 2 comp rev', '50mg cx 2 comp rev', '7891268106596', 'Sim', '               74558', 16);
INSERT INTO embalagem VALUES (832270001, 832260001, '50mg cx 4 comp rev', '50mg cx 4 comp rev', '7891268106527', 'Sim', '               74559', 16);
INSERT INTO embalagem VALUES (832900001, 832890001, '100mg cx 4 comp rev', '100mg cx 4 comp rev', '7891268106541', 'Sim', '               74555', 16);
INSERT INTO embalagem VALUES (834490001, 834480001, '50mg cx 8 comp rev', '50mg cx 8 comp rev', '7891268106558', 'Sim', '               74560', 16);
INSERT INTO embalagem VALUES (733080001, 733070001, '28,2+52,6+13,3mg/g ung pte 30g', '28,2+52,6+13,3mg/g ', '7590002032817', 'Sim', '               74594', 27);
INSERT INTO embalagem VALUES (733100001, 733070001, 'VICK VAPORUB PT 30GOUTROS', 'VICK VAPORUB PT 30GO', '7590002032817', 'Nao', NULL, 22);
INSERT INTO embalagem VALUES (707010001, 706980001, 'VICOG CPR 1X30', 'VICOG CPR 1X30', '7896226102542', 'Sim', '0.6343.3611.031-4', 25);
INSERT INTO embalagem VALUES (822940001, 822930001, '200mg cx 28 comp rev', '200mg cx 28 comp rev', '5413787012794', 'Sim', '               74640', 16);
INSERT INTO embalagem VALUES (548720001, 548710001, 'VOMISTOP GOTAS C/ 10ML', 'VOMISTOP GOTAS C/ 10', '7896862940041', 'Sim', '1.2345.6789.321-1', 25);
INSERT INTO embalagem VALUES (548740001, 548710001, 'VOMISTOP GOTAS C/ 10ML', 'VOMISTOP GOTAS C/ 10', '7896862940041', 'Sim', '1.2345.6789.321-1', 24);
INSERT INTO embalagem VALUES (834130001, 834120001, '500mg cx 7 comp', '500mg cx 7 comp', '7893454213019', 'Sim', '               74816', 16);
INSERT INTO embalagem VALUES (835240001, 835230001, '500mg cx 10 comp rev', '500mg cx 10 comp rev', '7893454213026', 'Sim', '               74815', 16);
INSERT INTO embalagem VALUES (830590001, 830580001, '50mcg sol oft gts fr 2,5 ml', '50mcg sol oft gts f', '7891268107609', 'Sim', '               74845', 16);
INSERT INTO embalagem VALUES (730050001, 730020001, 'XEFO 8MG CPR REV 1X20ETICO', 'XEFO 8MG CPR', '7896112480709', 'Nao', NULL, 17);
INSERT INTO embalagem VALUES (730030001, 730020001, 'XEFO 8MG CPR REV 1X20ETICO', 'XEFO 8MG', '7896112480709', 'Sim', NULL, 17);
INSERT INTO embalagem VALUES (830290001, 830280001, '500mg cx 120 comp', '500mg cx 120 comp', '7896226501154', 'Sim', '               74870', 16);
INSERT INTO embalagem VALUES (831910001, 831900001, '150mg cx 60 comp', '150mg cx 60 comp', '7896226501147', 'Sim', '               74869', 16);
INSERT INTO embalagem VALUES (829180001, 829170001, '20mg cx 30 comp rev', '20mg cx 30 comp rev', '7896422512435', 'Sim', '               74920', 16);
INSERT INTO embalagem VALUES (831130001, 831120001, '5mg cx 30 comp', '5mg cx 30 comp', '7891317485429', 'Sim', '               74925', 16);
INSERT INTO embalagem VALUES (827980001, 827970001, 'H 50+12,5mg cx 8 comp rev', 'H 50+12,5mg cx 8 co', '7891317474027', 'Sim', '               74945', 16);
INSERT INTO embalagem VALUES (823750001, 823740001, '400mg cx 1 comp', '400mg cx 1 comp', '7896015513313', 'Sim', '               74965', 16);
INSERT INTO embalagem VALUES (825610001, 825600001, '400mg cx 5 comp', '400mg cx 5 comp', '7896015513368', 'Sim', '               74966', 16);
INSERT INTO embalagem VALUES (821020001, 821010001, '100mg cx 30 comp', '100mg cx 30 comp', '7895858010324', 'Sim', '               75102', 14);
INSERT INTO embalagem VALUES (826720001, 826710001, '300mg cx 30 comp', '300mg cx 30 comp', '7895858010331', 'Sim', '               75103', 16);
INSERT INTO embalagem VALUES (823720001, 823710001, 'fr 6ml', 'fr 6ml', '7897316805442', 'Sim', '               75115', 16);
INSERT INTO embalagem VALUES (832240001, 832230001, '900mg po prep extemp fr 22,5ml+dil 17ml', '900mg po prep extem', '7896714220017', 'Sim', '               75036', 16);
INSERT INTO embalagem VALUES (831370001, 831360001, '10,8mg ser+1env', '10,8mg ser+1env', '7896206400873', 'Sim', '               75046', 16);
INSERT INTO embalagem VALUES (549430001, 548940001, '24', '24', '658789', 'Sim', '1.2345.6789.321-1', 32);
INSERT INTO embalagem VALUES (823240001, 823230001, 'LIVI 4mg inj sol fa+dil x 5ml', 'LIVI 4mg inj sol fa', '7896261007734', 'Sim', '               75066', 16);
INSERT INTO embalagem VALUES (548950001, 549350001, 'ZOTAC 70MG C/14 CAPS', 'ZOTAC 70MG C/14 CAPS', '7896714216516', 'Sim', '1.2345.6789.321-1', 28);
INSERT INTO embalagem VALUES (548970001, 549350001, 'ZOTAC 70MG C/14 CAPS', 'ZOTAC 70MG C/14 CAPS', '7896714216516', 'Sim', '1.2345.6789.321-1', 27);
INSERT INTO embalagem VALUES (549410001, 548940001, '345', '345', '768900', 'Sim', '1.2345.6789.321-1', 31);


--
-- TOC entry 1880 (class 0 OID 116552)
-- Dependencies: 162 1883
-- Data for Name: embalagem_codigo_barras; Type: TABLE DATA; Schema: public; Owner: postgres
--

INSERT INTO embalagem_codigo_barras VALUES (549380001, 548280001, '657679878', 'Sim');
INSERT INTO embalagem_codigo_barras VALUES (549400001, 549390001, '32453', 'Sim');
INSERT INTO embalagem_codigo_barras VALUES (549420001, 549410001, '768900', 'Sim');
INSERT INTO embalagem_codigo_barras VALUES (549440001, 549430001, '658789', 'Sim');
INSERT INTO embalagem_codigo_barras VALUES (561450001, 561440001, '78999999999999', 'Sim');
INSERT INTO embalagem_codigo_barras VALUES (561470001, 561460001, '78999999999999', 'Sim');
INSERT INTO embalagem_codigo_barras VALUES (548120001, 548110001, '7896714219318', 'Sim');
INSERT INTO embalagem_codigo_barras VALUES (548140001, 548130001, '7896714219318', 'Sim');
INSERT INTO embalagem_codigo_barras VALUES (548160001, 547990001, '78960237429033', 'Sim');
INSERT INTO embalagem_codigo_barras VALUES (548150001, 547970001, '78960237429033', 'Sim');
INSERT INTO embalagem_codigo_barras VALUES (548240001, 548230001, '7896714219301', 'Sim');
INSERT INTO embalagem_codigo_barras VALUES (548260001, 548250001, '7896714219301', 'Sim');
INSERT INTO embalagem_codigo_barras VALUES (548300001, 548290001, '7896714203492', 'Sim');
INSERT INTO embalagem_codigo_barras VALUES (548330001, 548320001, '7896714203515', 'Sim');
INSERT INTO embalagem_codigo_barras VALUES (548350001, 548340001, '7896714203515', 'Sim');
INSERT INTO embalagem_codigo_barras VALUES (548380001, 548370001, '7896920300565', 'Sim');
INSERT INTO embalagem_codigo_barras VALUES (548400001, 548390001, '7896920300565', 'Sim');
INSERT INTO embalagem_codigo_barras VALUES (548430001, 548420001, '7898133134753', 'Sim');
INSERT INTO embalagem_codigo_barras VALUES (548450001, 548440001, '7898133134753', 'Sim');
INSERT INTO embalagem_codigo_barras VALUES (548480001, 548470001, '7896714203898', 'Sim');
INSERT INTO embalagem_codigo_barras VALUES (548500001, 548490001, '7896714203898', 'Sim');
INSERT INTO embalagem_codigo_barras VALUES (548530001, 548520001, '7896714201108', 'Sim');
INSERT INTO embalagem_codigo_barras VALUES (548550001, 548540001, '7896714201108', 'Sim');
INSERT INTO embalagem_codigo_barras VALUES (548580001, 548570001, '7896112141679', 'Sim');
INSERT INTO embalagem_codigo_barras VALUES (548600001, 548590001, '7896112141679', 'Sim');
INSERT INTO embalagem_codigo_barras VALUES (548630001, 548620001, '7896714250021', 'Sim');
INSERT INTO embalagem_codigo_barras VALUES (548650001, 548640001, '7896714250021', 'Sim');
INSERT INTO embalagem_codigo_barras VALUES (548680001, 548670001, '7898216360284', 'Sim');
INSERT INTO embalagem_codigo_barras VALUES (548700001, 548690001, '7898216360284', 'Sim');
INSERT INTO embalagem_codigo_barras VALUES (548730001, 548720001, '7896862940041', 'Sim');
INSERT INTO embalagem_codigo_barras VALUES (548750001, 548740001, '7896862940041', 'Sim');
INSERT INTO embalagem_codigo_barras VALUES (548780001, 548770001, '7898049792351', 'Sim');
INSERT INTO embalagem_codigo_barras VALUES (548810001, 548800001, '7896472502776', 'Sim');
INSERT INTO embalagem_codigo_barras VALUES (548830001, 548820001, '7896472502776', 'Sim');
INSERT INTO embalagem_codigo_barras VALUES (548860001, 548850001, '7896112115151', 'Sim');
INSERT INTO embalagem_codigo_barras VALUES (548880001, 548870001, '7896112115151', 'Sim');
INSERT INTO embalagem_codigo_barras VALUES (548910001, 548900001, '7896714260655', 'Sim');
INSERT INTO embalagem_codigo_barras VALUES (548930001, 548920001, '7896714260655', 'Sim');
INSERT INTO embalagem_codigo_barras VALUES (549010001, 549000001, '7898133138751', 'Sim');
INSERT INTO embalagem_codigo_barras VALUES (549030001, 549020001, '7898133138751', 'Sim');
INSERT INTO embalagem_codigo_barras VALUES (548960001, NULL, '7896714216515', 'Sim');
INSERT INTO embalagem_codigo_barras VALUES (548980001, NULL, '7896714216515', 'Sim');
INSERT INTO embalagem_codigo_barras VALUES (549360001, 548950001, '7896714216516', 'Sim');
INSERT INTO embalagem_codigo_barras VALUES (549370001, 548970001, '7896714216516', 'Sim');
INSERT INTO embalagem_codigo_barras VALUES (561940001, 561930001, '878787877545', 'Sim');
INSERT INTO embalagem_codigo_barras VALUES (561960001, 561950001, '878787877545', 'Sim');
INSERT INTO embalagem_codigo_barras VALUES (679920001, 679910001, '123456789', 'Sim');
INSERT INTO embalagem_codigo_barras VALUES (679940001, 679930001, '123456789', 'Sim');
INSERT INTO embalagem_codigo_barras VALUES (683110001, 683100001, '7896472502110', 'Sim');
INSERT INTO embalagem_codigo_barras VALUES (683130001, 683120001, '7896472502110', 'Sim');
INSERT INTO embalagem_codigo_barras VALUES (685420001, 685410001, '7896181904922', 'Sim');
INSERT INTO embalagem_codigo_barras VALUES (685440001, 685430001, '7896181904922', 'Sim');
INSERT INTO embalagem_codigo_barras VALUES (688450001, 688440001, '7897815', 'Sim');
INSERT INTO embalagem_codigo_barras VALUES (688470001, 688460001, '7897815', 'Sim');
INSERT INTO embalagem_codigo_barras VALUES (706270001, 706260001, '7891317415914', 'Sim');
INSERT INTO embalagem_codigo_barras VALUES (694570001, 694560001, '54454564', 'Sim');
INSERT INTO embalagem_codigo_barras VALUES (694750001, 694740001, '54454564', 'Sim');
INSERT INTO embalagem_codigo_barras VALUES (697700001, 697690001, '7896331702583', 'Sim');
INSERT INTO embalagem_codigo_barras VALUES (697720001, 697710001, '7896331702583', 'Sim');
INSERT INTO embalagem_codigo_barras VALUES (700380001, 700370001, '1', 'Sim');
INSERT INTO embalagem_codigo_barras VALUES (700400001, 700390001, '1', 'Sim');
INSERT INTO embalagem_codigo_barras VALUES (700450001, 700440001, '2', 'Sim');
INSERT INTO embalagem_codigo_barras VALUES (700470001, 700460001, '2', 'Sim');
INSERT INTO embalagem_codigo_barras VALUES (700500001, 700490001, '3', 'Sim');
INSERT INTO embalagem_codigo_barras VALUES (700520001, 700510001, '3', 'Sim');
INSERT INTO embalagem_codigo_barras VALUES (706190001, 706180001, '21801', 'Nao');
INSERT INTO embalagem_codigo_barras VALUES (706200001, 706180001, '7896255711005', 'Sim');
INSERT INTO embalagem_codigo_barras VALUES (706220001, 706210001, '7896255711002', 'Sim');
INSERT INTO embalagem_codigo_barras VALUES (706250001, 706240001, '7891317415914', 'Sim');
INSERT INTO embalagem_codigo_barras VALUES (706300001, 706290001, '7896261013483', 'Sim');
INSERT INTO embalagem_codigo_barras VALUES (706320001, 706310001, '7896261013483', 'Sim');
INSERT INTO embalagem_codigo_barras VALUES (706350001, 706340001, '7896548140284', 'Sim');
INSERT INTO embalagem_codigo_barras VALUES (706370001, 706360001, '7896548140284', 'Sim');
INSERT INTO embalagem_codigo_barras VALUES (706410001, 706400001, '7891317445232', 'Sim');
INSERT INTO embalagem_codigo_barras VALUES (706430001, 706420001, '7891317445232', 'Sim');
INSERT INTO embalagem_codigo_barras VALUES (706460001, 706450001, '7896004712925', 'Sim');
INSERT INTO embalagem_codigo_barras VALUES (706480001, 706470001, '7896004712925', 'Sim');
INSERT INTO embalagem_codigo_barras VALUES (706510001, 706500001, '7891317430146', 'Sim');
INSERT INTO embalagem_codigo_barras VALUES (706530001, 706520001, '7891317430146', 'Sim');
INSERT INTO embalagem_codigo_barras VALUES (706560001, 706550001, '7891317446031', 'Sim');
INSERT INTO embalagem_codigo_barras VALUES (706580001, 706570001, '7891317446031', 'Sim');
INSERT INTO embalagem_codigo_barras VALUES (706610001, 706600001, '7891721023521', 'Sim');
INSERT INTO embalagem_codigo_barras VALUES (706630001, 706620001, '7891721023521', 'Sim');
INSERT INTO embalagem_codigo_barras VALUES (706660001, 706650001, '7891058020316', 'Sim');
INSERT INTO embalagem_codigo_barras VALUES (706680001, 706670001, '7891058020316', 'Sim');
INSERT INTO embalagem_codigo_barras VALUES (706710001, 706700001, '7898074614147', 'Sim');
INSERT INTO embalagem_codigo_barras VALUES (706730001, 706720001, '7898074614147', 'Sim');
INSERT INTO embalagem_codigo_barras VALUES (706800001, 706790001, '7896637022439', 'Sim');
INSERT INTO embalagem_codigo_barras VALUES (706820001, 706810001, '7896637022439', 'Sim');
INSERT INTO embalagem_codigo_barras VALUES (706850001, 706840001, '7896206402860', 'Sim');
INSERT INTO embalagem_codigo_barras VALUES (706870001, 706860001, '7896206402860', 'Sim');
INSERT INTO embalagem_codigo_barras VALUES (706900001, 706890001, '7891317008888', 'Sim');
INSERT INTO embalagem_codigo_barras VALUES (706920001, 706910001, '7891317008888', 'Sim');
INSERT INTO embalagem_codigo_barras VALUES (706960001, 706950001, '7896658000713', 'Sim');
INSERT INTO embalagem_codigo_barras VALUES (706970001, 706940001, '7896658000713', 'Sim');
INSERT INTO embalagem_codigo_barras VALUES (707000001, 706990001, '7896226102542', 'Sim');
INSERT INTO embalagem_codigo_barras VALUES (707020001, 707010001, '7896226102542', 'Sim');
INSERT INTO embalagem_codigo_barras VALUES (707050001, 707040001, '7896180300213', 'Sim');
INSERT INTO embalagem_codigo_barras VALUES (707070001, 707060001, '7896180300213', 'Sim');
INSERT INTO embalagem_codigo_barras VALUES (712510001, 712500001, '11', 'Sim');
INSERT INTO embalagem_codigo_barras VALUES (712530001, 712520001, '11', 'Sim');
INSERT INTO embalagem_codigo_barras VALUES (721210001, 721200001, '12', 'Sim');
INSERT INTO embalagem_codigo_barras VALUES (721230001, 721220001, '12', 'Sim');
INSERT INTO embalagem_codigo_barras VALUES (729160001, 729150001, '123', 'Sim');
INSERT INTO embalagem_codigo_barras VALUES (729180001, 729170001, '123', 'Sim');
INSERT INTO embalagem_codigo_barras VALUES (729210001, 729200001, '12345', 'Sim');
INSERT INTO embalagem_codigo_barras VALUES (729230001, 729220001, '12345', 'Sim');
INSERT INTO embalagem_codigo_barras VALUES (729790001, 729780001, '7891106904155', 'Sim');
INSERT INTO embalagem_codigo_barras VALUES (729810001, 729800001, '7891106904155', 'Sim');
INSERT INTO embalagem_codigo_barras VALUES (729840001, 729830001, '7896181907558', 'Sim');
INSERT INTO embalagem_codigo_barras VALUES (729860001, 729850001, '7896181907558', 'Sim');
INSERT INTO embalagem_codigo_barras VALUES (729890001, 729880001, '7896185909084', 'Sim');
INSERT INTO embalagem_codigo_barras VALUES (729910001, 729900001, '7896185909084', 'Sim');
INSERT INTO embalagem_codigo_barras VALUES (729940001, 729930001, '7894916501736', 'Sim');
INSERT INTO embalagem_codigo_barras VALUES (729960001, 729950001, '7894916501736', 'Sim');
INSERT INTO embalagem_codigo_barras VALUES (729990001, 729980001, '7891268101010', 'Sim');
INSERT INTO embalagem_codigo_barras VALUES (730010001, 730000001, '7891268101010', 'Sim');
INSERT INTO embalagem_codigo_barras VALUES (730040001, 730030001, '7896112480709', 'Sim');
INSERT INTO embalagem_codigo_barras VALUES (730060001, 730050001, '7896112480709', 'Sim');
INSERT INTO embalagem_codigo_barras VALUES (730090001, 730080001, '7891142113153', 'Sim');
INSERT INTO embalagem_codigo_barras VALUES (730110001, 730100001, '7891142113153', 'Sim');
INSERT INTO embalagem_codigo_barras VALUES (730140001, 730130001, '7897595903273', 'Sim');
INSERT INTO embalagem_codigo_barras VALUES (730160001, 730150001, '7897595903273', 'Sim');
INSERT INTO embalagem_codigo_barras VALUES (730190001, 730180001, '8902220106079', 'Sim');
INSERT INTO embalagem_codigo_barras VALUES (730210001, 730200001, '8902220106079', 'Sim');
INSERT INTO embalagem_codigo_barras VALUES (730240001, 730230001, '7897595900678', 'Sim');
INSERT INTO embalagem_codigo_barras VALUES (730260001, 730250001, '7897595900678', 'Sim');
INSERT INTO embalagem_codigo_barras VALUES (730290001, 730280001, '7896206402044', 'Sim');
INSERT INTO embalagem_codigo_barras VALUES (730310001, 730300001, '7896206402044', 'Sim');
INSERT INTO embalagem_codigo_barras VALUES (730340001, 730330001, '7896026301428', 'Sim');
INSERT INTO embalagem_codigo_barras VALUES (730360001, 730350001, '7896026301428', 'Sim');
INSERT INTO embalagem_codigo_barras VALUES (730390001, 730380001, '7896026300117', 'Sim');
INSERT INTO embalagem_codigo_barras VALUES (730410001, 730400001, '7896026300117', 'Sim');
INSERT INTO embalagem_codigo_barras VALUES (730440001, 730430001, '7896026301640', 'Sim');
INSERT INTO embalagem_codigo_barras VALUES (730460001, 730450001, '7896026301640', 'Sim');
INSERT INTO embalagem_codigo_barras VALUES (730490001, 730480001, '7896261014268', 'Sim');
INSERT INTO embalagem_codigo_barras VALUES (730510001, 730500001, '7896261014268', 'Sim');
INSERT INTO embalagem_codigo_barras VALUES (730540001, 730530001, '7896094200470', 'Sim');
INSERT INTO embalagem_codigo_barras VALUES (730560001, 730550001, '7896094200470', 'Sim');
INSERT INTO embalagem_codigo_barras VALUES (730590001, 730580001, '7891317000288', 'Sim');
INSERT INTO embalagem_codigo_barras VALUES (730610001, 730600001, '7891317000288', 'Sim');
INSERT INTO embalagem_codigo_barras VALUES (730640001, 730630001, '7896641800306', 'Sim');
INSERT INTO embalagem_codigo_barras VALUES (730660001, 730650001, '7896641800306', 'Sim');
INSERT INTO embalagem_codigo_barras VALUES (730690001, 730680001, '7891142165152', 'Sim');
INSERT INTO embalagem_codigo_barras VALUES (730710001, 730700001, '7891142165152', 'Sim');
INSERT INTO embalagem_codigo_barras VALUES (730740001, 730730001, '7896070600669', 'Sim');
INSERT INTO embalagem_codigo_barras VALUES (730760001, 730750001, '7896070600669', 'Sim');
INSERT INTO embalagem_codigo_barras VALUES (730790001, 730780001, '7795320008821', 'Sim');
INSERT INTO embalagem_codigo_barras VALUES (730810001, 730800001, '7795320008821', 'Sim');
INSERT INTO embalagem_codigo_barras VALUES (730850001, 730840001, '7896637022903', 'Sim');
INSERT INTO embalagem_codigo_barras VALUES (730870001, 730860001, '7896637022903', 'Sim');
INSERT INTO embalagem_codigo_barras VALUES (730900001, 730890001, '7891045006248', 'Sim');
INSERT INTO embalagem_codigo_barras VALUES (730920001, 730910001, '7891045006248', 'Sim');
INSERT INTO embalagem_codigo_barras VALUES (730960001, 730950001, '534', 'Sim');
INSERT INTO embalagem_codigo_barras VALUES (730990001, 730980001, '789757200230', 'Sim');
INSERT INTO embalagem_codigo_barras VALUES (731010001, 731000001, '7897572000230', 'Sim');
INSERT INTO embalagem_codigo_barras VALUES (731040001, 731030001, '7896641805479', 'Sim');
INSERT INTO embalagem_codigo_barras VALUES (731060001, 731050001, '7896641805479', 'Sim');
INSERT INTO embalagem_codigo_barras VALUES (731090001, 731080001, '7891317411909', 'Sim');
INSERT INTO embalagem_codigo_barras VALUES (731110001, 731100001, '7891317411909', 'Sim');
INSERT INTO embalagem_codigo_barras VALUES (731140001, 731130001, '7891058059019', 'Sim');
INSERT INTO embalagem_codigo_barras VALUES (731160001, 731150001, '7891058059019', 'Sim');
INSERT INTO embalagem_codigo_barras VALUES (731190001, 731180001, '7894916209908', 'Sim');
INSERT INTO embalagem_codigo_barras VALUES (731210001, 731200001, '7894916209908', 'Sim');
INSERT INTO embalagem_codigo_barras VALUES (731240001, 731230001, '7896658004704', 'Sim');
INSERT INTO embalagem_codigo_barras VALUES (731260001, 731250001, '7896658004704', 'Sim');
INSERT INTO embalagem_codigo_barras VALUES (731290001, 731280001, '7898414851713', 'Sim');
INSERT INTO embalagem_codigo_barras VALUES (731310001, 731300001, '7898414851713', 'Sim');
INSERT INTO embalagem_codigo_barras VALUES (732390001, 732380001, '7891106907293', 'Sim');
INSERT INTO embalagem_codigo_barras VALUES (732410001, 732400001, '7891106907293', 'Sim');
INSERT INTO embalagem_codigo_barras VALUES (732440001, 732430001, '7896026303002', 'Sim');
INSERT INTO embalagem_codigo_barras VALUES (732460001, 732450001, '7896026303002', 'Sim');
INSERT INTO embalagem_codigo_barras VALUES (732490001, 732480001, '7897076907912', 'Sim');
INSERT INTO embalagem_codigo_barras VALUES (732510001, 732500001, '7897076907912', 'Sim');
INSERT INTO embalagem_codigo_barras VALUES (732540001, 732530001, '7896641805943', 'Sim');
INSERT INTO embalagem_codigo_barras VALUES (732560001, 732550001, '7896641805943', 'Sim');
INSERT INTO embalagem_codigo_barras VALUES (732590001, 732580001, '7891317431358', 'Sim');
INSERT INTO embalagem_codigo_barras VALUES (732610001, 732600001, '7891317431358', 'Sim');
INSERT INTO embalagem_codigo_barras VALUES (732640001, 732630001, '7896658002212', 'Sim');
INSERT INTO embalagem_codigo_barras VALUES (732660001, 732650001, '7896658002212', 'Sim');
INSERT INTO embalagem_codigo_barras VALUES (732690001, 732680001, '7896658004018', 'Sim');
INSERT INTO embalagem_codigo_barras VALUES (732710001, 732700001, '7896658004018', 'Sim');
INSERT INTO embalagem_codigo_barras VALUES (732740001, 732730001, '7891106905961', 'Sim');
INSERT INTO embalagem_codigo_barras VALUES (732760001, 732750001, '7891106905961', 'Sim');
INSERT INTO embalagem_codigo_barras VALUES (732790001, 732780001, '7896658000089', 'Sim');
INSERT INTO embalagem_codigo_barras VALUES (732810001, 732800001, '7896658000089', 'Sim');
INSERT INTO embalagem_codigo_barras VALUES (732840001, 732830001, '7891317008284', 'Sim');
INSERT INTO embalagem_codigo_barras VALUES (732860001, 732850001, '7891317008284', 'Sim');
INSERT INTO embalagem_codigo_barras VALUES (732890001, 732880001, '7896094201064', 'Sim');
INSERT INTO embalagem_codigo_barras VALUES (732910001, 732900001, '7896094201064', 'Sim');
INSERT INTO embalagem_codigo_barras VALUES (732940001, 732930001, '7891317443931', 'Sim');
INSERT INTO embalagem_codigo_barras VALUES (732960001, 732950001, '7891317443931', 'Sim');
INSERT INTO embalagem_codigo_barras VALUES (733900001, 733890001, '7896818211867', 'Sim');
INSERT INTO embalagem_codigo_barras VALUES (733040001, 733030001, '7896641809545', 'Sim');
INSERT INTO embalagem_codigo_barras VALUES (733060001, 733050001, '7896641809545', 'Sim');
INSERT INTO embalagem_codigo_barras VALUES (733090001, 733080001, '7590002032817', 'Sim');
INSERT INTO embalagem_codigo_barras VALUES (733110001, 733100001, '7590002032817', 'Sim');
INSERT INTO embalagem_codigo_barras VALUES (733140001, 733130001, '7896241231630', 'Sim');
INSERT INTO embalagem_codigo_barras VALUES (733160001, 733150001, '7896241231630', 'Sim');
INSERT INTO embalagem_codigo_barras VALUES (733880001, 733870001, '7896818211867', 'Sim');
INSERT INTO embalagem_codigo_barras VALUES (733930001, 733920001, '7898144121629', 'Sim');
INSERT INTO embalagem_codigo_barras VALUES (733950001, 733940001, '7898144121629', 'Sim');
INSERT INTO embalagem_codigo_barras VALUES (733980001, 733970001, '6954232585825', 'Sim');
INSERT INTO embalagem_codigo_barras VALUES (734000001, 733990001, '6954232585825', 'Sim');
INSERT INTO embalagem_codigo_barras VALUES (734030001, 734020001, '7898015064123', 'Sim');
INSERT INTO embalagem_codigo_barras VALUES (734050001, 734040001, '7898015064123', 'Sim');
INSERT INTO embalagem_codigo_barras VALUES (734080001, 734070001, '6924198588826', 'Sim');
INSERT INTO embalagem_codigo_barras VALUES (734100001, 734090001, '6924198588826', 'Sim');
INSERT INTO embalagem_codigo_barras VALUES (734130001, 734120001, '7898421990108', 'Sim');
INSERT INTO embalagem_codigo_barras VALUES (734150001, 734140001, '7898421990108', 'Sim');
INSERT INTO embalagem_codigo_barras VALUES (734180001, 734170001, '7896444210760', 'Sim');
INSERT INTO embalagem_codigo_barras VALUES (734200001, 734190001, '7896444210760', 'Sim');
INSERT INTO embalagem_codigo_barras VALUES (734230001, 734220001, '7896444211118', 'Sim');
INSERT INTO embalagem_codigo_barras VALUES (734250001, 734240001, '7896444211118', 'Sim');
INSERT INTO embalagem_codigo_barras VALUES (734280001, 734270001, '7896444211125', 'Sim');
INSERT INTO embalagem_codigo_barras VALUES (734300001, 734290001, '7896444211125', 'Sim');
INSERT INTO embalagem_codigo_barras VALUES (734330001, 734320001, '7896444211132', 'Sim');
INSERT INTO embalagem_codigo_barras VALUES (734350001, 734340001, '7896444211132', 'Sim');
INSERT INTO embalagem_codigo_barras VALUES (734380001, 734370001, '7896444211187', 'Sim');
INSERT INTO embalagem_codigo_barras VALUES (734400001, 734390001, '7896444211187', 'Sim');
INSERT INTO embalagem_codigo_barras VALUES (734440001, 734430001, '7896818241383', 'Sim');
INSERT INTO embalagem_codigo_barras VALUES (734450001, 734420001, '7896818241383', 'Sim');
INSERT INTO embalagem_codigo_barras VALUES (734480001, 734470001, '7897780200323', 'Sim');
INSERT INTO embalagem_codigo_barras VALUES (734500001, 734490001, '7897780200323', 'Sim');
INSERT INTO embalagem_codigo_barras VALUES (734530001, 734520001, '7896902217751', 'Sim');
INSERT INTO embalagem_codigo_barras VALUES (734550001, 734540001, '7896902217751', 'Sim');
INSERT INTO embalagem_codigo_barras VALUES (734580001, 734570001, '7896818212253', 'Sim');
INSERT INTO embalagem_codigo_barras VALUES (734600001, 734590001, '7896818212253', 'Sim');
INSERT INTO embalagem_codigo_barras VALUES (734630001, 734620001, '7898095296452', 'Sim');
INSERT INTO embalagem_codigo_barras VALUES (734650001, 734640001, '7898095296452', 'Sim');
INSERT INTO embalagem_codigo_barras VALUES (734680001, 734670001, '7898095296476', 'Sim');
INSERT INTO embalagem_codigo_barras VALUES (734700001, 734690001, '7898095296476', 'Sim');
INSERT INTO embalagem_codigo_barras VALUES (734730001, 734720001, '7898095297749', 'Sim');
INSERT INTO embalagem_codigo_barras VALUES (734750001, 734740001, '7898095297749', 'Sim');
INSERT INTO embalagem_codigo_barras VALUES (737110001, 737100001, '9', 'Sim');
INSERT INTO embalagem_codigo_barras VALUES (737130001, 737120001, '9', 'Sim');
INSERT INTO embalagem_codigo_barras VALUES (737170001, 737160001, '8', 'Sim');
INSERT INTO embalagem_codigo_barras VALUES (737190001, 737180001, '8', 'Sim');
INSERT INTO embalagem_codigo_barras VALUES (737300001, 737290001, '7', 'Sim');
INSERT INTO embalagem_codigo_barras VALUES (737320001, 737310001, '7', 'Sim');
INSERT INTO embalagem_codigo_barras VALUES (738760001, 738750001, '32', 'Sim');
INSERT INTO embalagem_codigo_barras VALUES (738780001, 738770001, '32', 'Sim');
INSERT INTO embalagem_codigo_barras VALUES (739960001, 739950001, '7896331703443', 'Sim');
INSERT INTO embalagem_codigo_barras VALUES (739980001, 739970001, '7896331703443', 'Sim');
INSERT INTO embalagem_codigo_barras VALUES (744190001, 744180001, '7898907401032', 'Sim');
INSERT INTO embalagem_codigo_barras VALUES (758050001, 758040001, '18', 'Sim');
INSERT INTO embalagem_codigo_barras VALUES (744250001, 744240001, '7898907401032', 'Sim');
INSERT INTO embalagem_codigo_barras VALUES (746060001, 746050001, '78922072015093', 'Sim');
INSERT INTO embalagem_codigo_barras VALUES (746080001, 746070001, '78922072015093', 'Sim');
INSERT INTO embalagem_codigo_barras VALUES (749410001, 749400001, '7898049795260', 'Sim');
INSERT INTO embalagem_codigo_barras VALUES (749430001, 749420001, '7898049795260', 'Sim');
INSERT INTO embalagem_codigo_barras VALUES (749460001, 749450001, '7897917001397', 'Sim');
INSERT INTO embalagem_codigo_barras VALUES (749480001, 749470001, '7897917001397', 'Sim');
INSERT INTO embalagem_codigo_barras VALUES (749510001, 749500001, '7896714222417', 'Sim');
INSERT INTO embalagem_codigo_barras VALUES (749530001, 749520001, '7896714222417', 'Sim');
INSERT INTO embalagem_codigo_barras VALUES (749560001, 749550001, '7897917001175', 'Sim');
INSERT INTO embalagem_codigo_barras VALUES (749580001, 749570001, '7897917001175', 'Sim');
INSERT INTO embalagem_codigo_barras VALUES (749610001, 749600001, '7897917000970', 'Sim');
INSERT INTO embalagem_codigo_barras VALUES (749630001, 749620001, '7897917000970', 'Sim');
INSERT INTO embalagem_codigo_barras VALUES (749660001, 749650001, '7898031310631', 'Sim');
INSERT INTO embalagem_codigo_barras VALUES (749680001, 749670001, '7898031310631', 'Sim');
INSERT INTO embalagem_codigo_barras VALUES (753390001, 753380001, '7898270570308', 'Sim');
INSERT INTO embalagem_codigo_barras VALUES (753410001, 753400001, '7898270570308', 'Sim');
INSERT INTO embalagem_codigo_barras VALUES (753440001, 753430001, '7898270570117', 'Sim');
INSERT INTO embalagem_codigo_barras VALUES (753460001, 753450001, '7898270570117', 'Sim');
INSERT INTO embalagem_codigo_barras VALUES (753490001, 753480001, '18031994', 'Sim');
INSERT INTO embalagem_codigo_barras VALUES (753510001, 753500001, '18031994', 'Sim');
INSERT INTO embalagem_codigo_barras VALUES (753540001, 753530001, '7898056230068', 'Sim');
INSERT INTO embalagem_codigo_barras VALUES (753560001, 753550001, '7898056230068', 'Sim');
INSERT INTO embalagem_codigo_barras VALUES (753590001, 753580001, '7898056230365', 'Sim');
INSERT INTO embalagem_codigo_barras VALUES (753610001, 753600001, '7898056230365', 'Sim');
INSERT INTO embalagem_codigo_barras VALUES (757980001, 757970001, '18012107', 'Sim');
INSERT INTO embalagem_codigo_barras VALUES (758000001, 757990001, '18012107', 'Sim');
INSERT INTO embalagem_codigo_barras VALUES (758030001, 758020001, '18', 'Sim');
INSERT INTO embalagem_codigo_barras VALUES (758150001, 758140001, '19', 'Sim');
INSERT INTO embalagem_codigo_barras VALUES (760230001, 760220001, '19', 'Sim');
INSERT INTO embalagem_codigo_barras VALUES (760250001, 760240001, '19', 'Sim');
INSERT INTO embalagem_codigo_barras VALUES (762320001, 762310001, '7898907401197', 'Sim');
INSERT INTO embalagem_codigo_barras VALUES (771810001, 561610001, '12315645645645', 'Sim');
INSERT INTO embalagem_codigo_barras VALUES (771820001, 561630001, '23156452312311', 'Sim');
INSERT INTO embalagem_codigo_barras VALUES (771840001, 771830001, '7898907401197', 'Sim');
INSERT INTO embalagem_codigo_barras VALUES (780770001, 780760001, '04082015201612', 'Sim');
INSERT INTO embalagem_codigo_barras VALUES (780790001, 780780001, '04082015201612', 'Sim');
INSERT INTO embalagem_codigo_barras VALUES (784890001, 784880001, '060820152015', 'Sim');
INSERT INTO embalagem_codigo_barras VALUES (805660001, 805650001, '78956456434654', 'Sim');
INSERT INTO embalagem_codigo_barras VALUES (808190001, 808180001, '98778998778998', 'Sim');
INSERT INTO embalagem_codigo_barras VALUES (808210001, 808200001, '98778998778998', 'Sim');
INSERT INTO embalagem_codigo_barras VALUES (808340001, 808330001, '7896714203515', 'Sim');
INSERT INTO embalagem_codigo_barras VALUES (809480001, 809470001, '78998787787897', 'Sim');
INSERT INTO embalagem_codigo_barras VALUES (815400001, 815390001, '74221009955556', 'Sim');
INSERT INTO embalagem_codigo_barras VALUES (815630001, 815620001, '3123123', 'Sim');
INSERT INTO embalagem_codigo_barras VALUES (815810001, 815800001, '67867867867', 'Sim');
INSERT INTO embalagem_codigo_barras VALUES (738730001, 738720001, '3032321321', 'Sim');
INSERT INTO embalagem_codigo_barras VALUES (816110001, 738700001, '74395200233212', 'Sim');
INSERT INTO embalagem_codigo_barras VALUES (820130001, 820120001, '7896181900795', 'Sim');
INSERT INTO embalagem_codigo_barras VALUES (820160001, 820150001, '7897595602770', 'Sim');
INSERT INTO embalagem_codigo_barras VALUES (820190001, 820180001, '7891106906784', 'Sim');
INSERT INTO embalagem_codigo_barras VALUES (820220001, 820210001, '7896714205762', 'Sim');
INSERT INTO embalagem_codigo_barras VALUES (820250001, 820240001, '7898060138718', 'Sim');
INSERT INTO embalagem_codigo_barras VALUES (820280001, 820270001, '7895296228039', 'Sim');
INSERT INTO embalagem_codigo_barras VALUES (820310001, 820300001, '7898911244674', 'Sim');
INSERT INTO embalagem_codigo_barras VALUES (820340001, 820330001, '7896676413694', 'Sim');
INSERT INTO embalagem_codigo_barras VALUES (820370001, 820360001, '7894916142151', 'Sim');
INSERT INTO embalagem_codigo_barras VALUES (820400001, 820390001, '7896269955204', 'Sim');
INSERT INTO embalagem_codigo_barras VALUES (820430001, 820420001, '7891721021213', 'Sim');
INSERT INTO embalagem_codigo_barras VALUES (820460001, 820450001, '7891058006235', 'Sim');
INSERT INTO embalagem_codigo_barras VALUES (820490001, 820480001, '7896641807770', 'Sim');
INSERT INTO embalagem_codigo_barras VALUES (820520001, 820510001, '7896261007758', 'Sim');
INSERT INTO embalagem_codigo_barras VALUES (820550001, 820540001, '7896015522957', 'Sim');
INSERT INTO embalagem_codigo_barras VALUES (820580001, 820570001, '7896641800627', 'Sim');
INSERT INTO embalagem_codigo_barras VALUES (820610001, 820600001, '7898049798223', 'Sim');
INSERT INTO embalagem_codigo_barras VALUES (820640001, 820630001, '7896317906233', 'Sim');
INSERT INTO embalagem_codigo_barras VALUES (820670001, 820660001, '7898060131115', 'Sim');
INSERT INTO embalagem_codigo_barras VALUES (820700001, 820690001, '7891721021220', 'Sim');
INSERT INTO embalagem_codigo_barras VALUES (820730001, 820720001, '7896004713267', 'Sim');
INSERT INTO embalagem_codigo_barras VALUES (820760001, 820750001, '7898919602230', 'Sim');
INSERT INTO embalagem_codigo_barras VALUES (820790001, 820780001, '7896658019562', 'Sim');
INSERT INTO embalagem_codigo_barras VALUES (820820001, 820810001, '7898148294183', 'Sim');
INSERT INTO embalagem_codigo_barras VALUES (820850001, 820840001, '7891268103175', 'Sim');
INSERT INTO embalagem_codigo_barras VALUES (820880001, 820870001, '7896261007741', 'Sim');
INSERT INTO embalagem_codigo_barras VALUES (820910001, 820900001, '7891268105407', 'Sim');
INSERT INTO embalagem_codigo_barras VALUES (820940001, 820930001, '7896658005589', 'Sim');
INSERT INTO embalagem_codigo_barras VALUES (820970001, 820960001, '7896658016066', 'Sim');
INSERT INTO embalagem_codigo_barras VALUES (821000001, 820990001, '7898060131146', 'Sim');
INSERT INTO embalagem_codigo_barras VALUES (821030001, 821020001, '7895858010324', 'Sim');
INSERT INTO embalagem_codigo_barras VALUES (821060001, 821050001, '7899337000509', 'Sim');
INSERT INTO embalagem_codigo_barras VALUES (821090001, 821080001, '7896422521864', 'Sim');
INSERT INTO embalagem_codigo_barras VALUES (821120001, 821110001, '7894916142175', 'Sim');
INSERT INTO embalagem_codigo_barras VALUES (821150001, 821140001, '7897316805411', 'Sim');
INSERT INTO embalagem_codigo_barras VALUES (821180001, 821170001, '7898146829394', 'Sim');
INSERT INTO embalagem_codigo_barras VALUES (821210001, 821200001, '7896658019531', 'Sim');
INSERT INTO embalagem_codigo_barras VALUES (821240001, 821230001, '7891058006259', 'Sim');
INSERT INTO embalagem_codigo_barras VALUES (821270001, 821260001, '7891317489700', 'Sim');
INSERT INTO embalagem_codigo_barras VALUES (821300001, 821290001, '7898148294169', 'Sim');
INSERT INTO embalagem_codigo_barras VALUES (821330001, 821320001, '7898919602216', 'Sim');
INSERT INTO embalagem_codigo_barras VALUES (821360001, 821350001, '7896261007772', 'Sim');
INSERT INTO embalagem_codigo_barras VALUES (821390001, 821380001, '7896658019548', 'Sim');
INSERT INTO embalagem_codigo_barras VALUES (821420001, 821410001, '5702157141005', 'Sim');
INSERT INTO embalagem_codigo_barras VALUES (821450001, 821440001, '7896290400575', 'Sim');
INSERT INTO embalagem_codigo_barras VALUES (821480001, 821470001, '7896004713250', 'Sim');
INSERT INTO embalagem_codigo_barras VALUES (821510001, 821500001, '7897076908643', 'Sim');
INSERT INTO embalagem_codigo_barras VALUES (821540001, 821530001, '7899420502378', 'Sim');
INSERT INTO embalagem_codigo_barras VALUES (821570001, 821560001, '7898060138725', 'Sim');
INSERT INTO embalagem_codigo_barras VALUES (821600001, 821590001, '7896714205779', 'Sim');
INSERT INTO embalagem_codigo_barras VALUES (821630001, 821620001, '7897851221615', 'Sim');
INSERT INTO embalagem_codigo_barras VALUES (821660001, 821650001, '7896004728148', 'Sim');
INSERT INTO embalagem_codigo_barras VALUES (821690001, 821680001, '7896004713243', 'Sim');
INSERT INTO embalagem_codigo_barras VALUES (821720001, 821710001, '7897129300240', 'Sim');
INSERT INTO embalagem_codigo_barras VALUES (821750001, 821740001, '7896290400568', 'Sim');
INSERT INTO embalagem_codigo_barras VALUES (821780001, 821770001, '7897337707381', 'Sim');
INSERT INTO embalagem_codigo_barras VALUES (821810001, 821800001, '7896261007765', 'Sim');
INSERT INTO embalagem_codigo_barras VALUES (821840001, 821830001, '7896015528577', 'Sim');
INSERT INTO embalagem_codigo_barras VALUES (821870001, 821860001, '7897316805404', 'Sim');
INSERT INTO embalagem_codigo_barras VALUES (821900001, 821890001, '7897316805480', 'Sim');
INSERT INTO embalagem_codigo_barras VALUES (821930001, 821920001, '7896658016042', 'Sim');
INSERT INTO embalagem_codigo_barras VALUES (821960001, 821950001, '8902220112179', 'Sim');
INSERT INTO embalagem_codigo_barras VALUES (821990001, 821980001, '7898158693228', 'Sim');
INSERT INTO embalagem_codigo_barras VALUES (822020001, 822010001, '7896714220048', 'Sim');
INSERT INTO embalagem_codigo_barras VALUES (822050001, 822040001, '7896004703626', 'Sim');
INSERT INTO embalagem_codigo_barras VALUES (822080001, 822070001, '7896026300889', 'Sim');
INSERT INTO embalagem_codigo_barras VALUES (822110001, 822100001, '7896004705767', 'Sim');
INSERT INTO embalagem_codigo_barras VALUES (822140001, 822130001, '7894916142113', 'Sim');
INSERT INTO embalagem_codigo_barras VALUES (822170001, 822160001, '7898919602261', 'Sim');
INSERT INTO embalagem_codigo_barras VALUES (822200001, 822190001, '7897411600249', 'Sim');
INSERT INTO embalagem_codigo_barras VALUES (822230001, 822220001, '7898149938666', 'Sim');
INSERT INTO embalagem_codigo_barras VALUES (822260001, 822250001, '7896269900136', 'Sim');
INSERT INTO embalagem_codigo_barras VALUES (822290001, 822280001, '7896523206868', 'Sim');
INSERT INTO embalagem_codigo_barras VALUES (822320001, 822310001, '7896422501965', 'Sim');
INSERT INTO embalagem_codigo_barras VALUES (822350001, 822340001, '7898146829370', 'Sim');
INSERT INTO embalagem_codigo_barras VALUES (822380001, 822370001, '7896112436881', 'Sim');
INSERT INTO embalagem_codigo_barras VALUES (822410001, 822400001, '7896004701400', 'Sim');
INSERT INTO embalagem_codigo_barras VALUES (822440001, 822430001, '7898158260116', 'Sim');
INSERT INTO embalagem_codigo_barras VALUES (822470001, 822460001, '7899420502330', 'Sim');
INSERT INTO embalagem_codigo_barras VALUES (822500001, 822490001, '7896658019593', 'Sim');
INSERT INTO embalagem_codigo_barras VALUES (822530001, 822520001, '7896658017100', 'Sim');
INSERT INTO embalagem_codigo_barras VALUES (822560001, 822550001, '7896658005558', 'Sim');
INSERT INTO embalagem_codigo_barras VALUES (822590001, 822580001, '7896290400551', 'Sim');
INSERT INTO embalagem_codigo_barras VALUES (822620001, 822610001, '7899420502316', 'Sim');
INSERT INTO embalagem_codigo_barras VALUES (822650001, 822640001, '7894916510202', 'Sim');
INSERT INTO embalagem_codigo_barras VALUES (822680001, 822670001, '7896181900764', 'Sim');
INSERT INTO embalagem_codigo_barras VALUES (822710001, 822700001, '7891045006217', 'Sim');
INSERT INTO embalagem_codigo_barras VALUES (822740001, 822730001, '7897337707398', 'Sim');
INSERT INTO embalagem_codigo_barras VALUES (822770001, 822760001, '7891058006204', 'Sim');
INSERT INTO embalagem_codigo_barras VALUES (822800001, 822790001, '7896261007703', 'Sim');
INSERT INTO embalagem_codigo_barras VALUES (822830001, 822820001, '7898146829387', 'Sim');
INSERT INTO embalagem_codigo_barras VALUES (822860001, 822850001, '7896269900129', 'Sim');
INSERT INTO embalagem_codigo_barras VALUES (822890001, 822880001, '7897411600232', 'Sim');
INSERT INTO embalagem_codigo_barras VALUES (822920001, 822910001, '7894916142120', 'Sim');
INSERT INTO embalagem_codigo_barras VALUES (822950001, 822940001, '5413787012794', 'Sim');
INSERT INTO embalagem_codigo_barras VALUES (822980001, 822970001, '7897411600270', 'Sim');
INSERT INTO embalagem_codigo_barras VALUES (823010001, 823000001, '7898919602247', 'Sim');
INSERT INTO embalagem_codigo_barras VALUES (823040001, 823030001, '7898146829349', 'Sim');
INSERT INTO embalagem_codigo_barras VALUES (823070001, 823060001, '7894916142137', 'Sim');
INSERT INTO embalagem_codigo_barras VALUES (823100001, 823090001, '7896269900112', 'Sim');
INSERT INTO embalagem_codigo_barras VALUES (823130001, 823120001, '7897316805459', 'Sim');
INSERT INTO embalagem_codigo_barras VALUES (823160001, 823150001, '7899337000547', 'Sim');
INSERT INTO embalagem_codigo_barras VALUES (823190001, 823180001, '7891268103144', 'Sim');
INSERT INTO embalagem_codigo_barras VALUES (823220001, 823210001, '7897595626127', 'Sim');
INSERT INTO embalagem_codigo_barras VALUES (823250001, 823240001, '7896261007734', 'Sim');
INSERT INTO embalagem_codigo_barras VALUES (823280001, 823270001, '7898146829356', 'Sim');
INSERT INTO embalagem_codigo_barras VALUES (823310001, 823300001, '7895296228015', 'Sim');
INSERT INTO embalagem_codigo_barras VALUES (823340001, 823330001, '7896658005541', 'Sim');
INSERT INTO embalagem_codigo_barras VALUES (823370001, 823360001, '7896714205748', 'Sim');
INSERT INTO embalagem_codigo_barras VALUES (823400001, 823390001, '7891045006231', 'Sim');
INSERT INTO embalagem_codigo_barras VALUES (823430001, 823420001, '7897595612090', 'Sim');
INSERT INTO embalagem_codigo_barras VALUES (823460001, 823450001, '7896658005534', 'Sim');
INSERT INTO embalagem_codigo_barras VALUES (823490001, 823480001, '7896004705736', 'Sim');
INSERT INTO embalagem_codigo_barras VALUES (823520001, 823510001, '7896714205731', 'Sim');
INSERT INTO embalagem_codigo_barras VALUES (823550001, 823540001, '7893736002300', 'Sim');
INSERT INTO embalagem_codigo_barras VALUES (823580001, 823570001, '7896181900740', 'Sim');
INSERT INTO embalagem_codigo_barras VALUES (823610001, 823600001, '7899337000530', 'Sim');
INSERT INTO embalagem_codigo_barras VALUES (823640001, 823630001, '7896714227375', 'Sim');
INSERT INTO embalagem_codigo_barras VALUES (823670001, 823660001, '7896658019586', 'Sim');
INSERT INTO embalagem_codigo_barras VALUES (823700001, 823690001, '7893454511818', 'Sim');
INSERT INTO embalagem_codigo_barras VALUES (823730001, 823720001, '7897316805442', 'Sim');
INSERT INTO embalagem_codigo_barras VALUES (823760001, 823750001, '7896015513313', 'Sim');
INSERT INTO embalagem_codigo_barras VALUES (823790001, 823780001, '7896269900105', 'Sim');
INSERT INTO embalagem_codigo_barras VALUES (823820001, 823810001, '7897411600256', 'Sim');
INSERT INTO embalagem_codigo_barras VALUES (823850001, 823840001, '7898095341039', 'Sim');
INSERT INTO embalagem_codigo_barras VALUES (823880001, 823870001, '7898430190988', 'Sim');
INSERT INTO embalagem_codigo_barras VALUES (823910001, 823900001, '7896004700311', 'Sim');
INSERT INTO embalagem_codigo_barras VALUES (823940001, 823930001, '7896004720159', 'Sim');
INSERT INTO embalagem_codigo_barras VALUES (823970001, 823960001, '7897595605139', 'Sim');
INSERT INTO embalagem_codigo_barras VALUES (824000001, 823990001, '7896269901072', 'Sim');
INSERT INTO embalagem_codigo_barras VALUES (824030001, 824020001, '7896004714301', 'Sim');
INSERT INTO embalagem_codigo_barras VALUES (824060001, 824050001, '7896112436843', 'Sim');
INSERT INTO embalagem_codigo_barras VALUES (824090001, 824080001, '7896676413618', 'Sim');
INSERT INTO embalagem_codigo_barras VALUES (824120001, 824110001, '7895858010386', 'Sim');
INSERT INTO embalagem_codigo_barras VALUES (824150001, 824140001, '7897595605146', 'Sim');
INSERT INTO embalagem_codigo_barras VALUES (824180001, 824170001, '7896714242729', 'Sim');
INSERT INTO embalagem_codigo_barras VALUES (824210001, 824200001, '7891058015718', 'Sim');
INSERT INTO embalagem_codigo_barras VALUES (824240001, 824230001, '7896714239712', 'Sim');
INSERT INTO embalagem_codigo_barras VALUES (824270001, 824260001, '7898430190971', 'Sim');
INSERT INTO embalagem_codigo_barras VALUES (824300001, 824290001, '7896004731186', 'Sim');
INSERT INTO embalagem_codigo_barras VALUES (824330001, 824320001, '7898075310864', 'Sim');
INSERT INTO embalagem_codigo_barras VALUES (824360001, 824350001, '7896004720142', 'Sim');
INSERT INTO embalagem_codigo_barras VALUES (824390001, 824380001, '7896269900167', 'Sim');
INSERT INTO embalagem_codigo_barras VALUES (824420001, 824410001, '7896676413625', 'Sim');
INSERT INTO embalagem_codigo_barras VALUES (824450001, 824440001, '7896023785535', 'Sim');
INSERT INTO embalagem_codigo_barras VALUES (824480001, 824470001, '7897299902565', 'Sim');
INSERT INTO embalagem_codigo_barras VALUES (824510001, 824500001, '7891158028618', 'Sim');
INSERT INTO embalagem_codigo_barras VALUES (824540001, 824530001, '7891268102048', 'Sim');
INSERT INTO embalagem_codigo_barras VALUES (824570001, 824560001, '7895296145114', 'Sim');
INSERT INTO embalagem_codigo_barras VALUES (824600001, 824590001, '7893736005233', 'Sim');
INSERT INTO embalagem_codigo_barras VALUES (824630001, 824620001, '7896004727080', 'Sim');
INSERT INTO embalagem_codigo_barras VALUES (824660001, 824650001, '7896382707193', 'Sim');
INSERT INTO embalagem_codigo_barras VALUES (824690001, 824680001, '7895858010379', 'Sim');
INSERT INTO embalagem_codigo_barras VALUES (824720001, 824710001, '8902220105935', 'Sim');
INSERT INTO embalagem_codigo_barras VALUES (824750001, 824740001, '7898430190964', 'Sim');
INSERT INTO embalagem_codigo_barras VALUES (824780001, 824770001, '7896206401696', 'Sim');
INSERT INTO embalagem_codigo_barras VALUES (824810001, 824800001, '7898149938642', 'Sim');
INSERT INTO embalagem_codigo_barras VALUES (824840001, 824830001, '7896641806261', 'Sim');
INSERT INTO embalagem_codigo_barras VALUES (824870001, 824860001, '7897299902558', 'Sim');
INSERT INTO embalagem_codigo_barras VALUES (824900001, 824890001, '7896112143994', 'Sim');
INSERT INTO embalagem_codigo_barras VALUES (824930001, 824920001, '7896181905790', 'Sim');
INSERT INTO embalagem_codigo_barras VALUES (824960001, 824950001, '7896523206806', 'Sim');
INSERT INTO embalagem_codigo_barras VALUES (824990001, 824980001, '8902220109520', 'Sim');
INSERT INTO embalagem_codigo_barras VALUES (825020001, 825010001, '7896422501972', 'Sim');
INSERT INTO embalagem_codigo_barras VALUES (825050001, 825040001, '8902220109506', 'Sim');
INSERT INTO embalagem_codigo_barras VALUES (825080001, 825070001, '7896226501178', 'Sim');
INSERT INTO embalagem_codigo_barras VALUES (825110001, 825100001, '7896004705781', 'Sim');
INSERT INTO embalagem_codigo_barras VALUES (825140001, 825130001, '7893454100142', 'Sim');
INSERT INTO embalagem_codigo_barras VALUES (825170001, 825160001, '7898430190957', 'Sim');
INSERT INTO embalagem_codigo_barras VALUES (825200001, 825190001, '8902220105928', 'Sim');
INSERT INTO embalagem_codigo_barras VALUES (825230001, 825220001, '7891268102062', 'Sim');
INSERT INTO embalagem_codigo_barras VALUES (825260001, 825250001, '7898149938659', 'Sim');
INSERT INTO embalagem_codigo_barras VALUES (825290001, 825280001, '7896269900150', 'Sim');
INSERT INTO embalagem_codigo_barras VALUES (825320001, 825310001, '7896070601796', 'Sim');
INSERT INTO embalagem_codigo_barras VALUES (825350001, 825340001, '7891106909501', 'Sim');
INSERT INTO embalagem_codigo_barras VALUES (825380001, 825370001, '8902220109513', 'Sim');
INSERT INTO embalagem_codigo_barras VALUES (825410001, 825400001, '7896212478675', 'Sim');
INSERT INTO embalagem_codigo_barras VALUES (825440001, 825430001, '7898158691095', 'Sim');
INSERT INTO embalagem_codigo_barras VALUES (825470001, 825460001, '7894916143509', 'Sim');
INSERT INTO embalagem_codigo_barras VALUES (825500001, 825490001, '7896269901034', 'Sim');
INSERT INTO embalagem_codigo_barras VALUES (825530001, 825520001, '7896015521875', 'Sim');
INSERT INTO embalagem_codigo_barras VALUES (825560001, 825550001, '7896261007796', 'Sim');
INSERT INTO embalagem_codigo_barras VALUES (825590001, 825580001, '7898148298730', 'Sim');
INSERT INTO embalagem_codigo_barras VALUES (825620001, 825610001, '7896015513368', 'Sim');
INSERT INTO embalagem_codigo_barras VALUES (825650001, 825640001, '7898060138756', 'Sim');
INSERT INTO embalagem_codigo_barras VALUES (825680001, 825670001, '7894916143523', 'Sim');
INSERT INTO embalagem_codigo_barras VALUES (825710001, 825700001, '7897595601681', 'Sim');
INSERT INTO embalagem_codigo_barras VALUES (825740001, 825730001, '7896112172727', 'Sim');
INSERT INTO embalagem_codigo_barras VALUES (825770001, 825760001, '7894916143516', 'Sim');
INSERT INTO embalagem_codigo_barras VALUES (825800001, 825790001, '7896181905776', 'Sim');
INSERT INTO embalagem_codigo_barras VALUES (825830001, 825820001, '7896269901027', 'Sim');
INSERT INTO embalagem_codigo_barras VALUES (825860001, 825850001, '7896317906202', 'Sim');
INSERT INTO embalagem_codigo_barras VALUES (825890001, 825880001, '7896472513130', 'Sim');
INSERT INTO embalagem_codigo_barras VALUES (825920001, 825910001, '7896070005303', 'Sim');
INSERT INTO embalagem_codigo_barras VALUES (825950001, 825940001, '7899547505207', 'Sim');
INSERT INTO embalagem_codigo_barras VALUES (825980001, 825970001, '7898906376205', 'Sim');
INSERT INTO embalagem_codigo_barras VALUES (826010001, 826000001, '7896472502097', 'Sim');
INSERT INTO embalagem_codigo_barras VALUES (826040001, 826030001, '7891058015756', 'Sim');
INSERT INTO embalagem_codigo_barras VALUES (826070001, 826060001, '7896261007789', 'Sim');
INSERT INTO embalagem_codigo_barras VALUES (826100001, 826090001, '8902220105904', 'Sim');
INSERT INTO embalagem_codigo_barras VALUES (826130001, 826120001, '7896676413663', 'Sim');
INSERT INTO embalagem_codigo_barras VALUES (826160001, 826150001, '7898144460442', 'Sim');
INSERT INTO embalagem_codigo_barras VALUES (826190001, 826180001, '7895296094283', 'Sim');
INSERT INTO embalagem_codigo_barras VALUES (826220001, 826210001, '7896206401665', 'Sim');
INSERT INTO embalagem_codigo_barras VALUES (826250001, 826240001, '7896112135913', 'Sim');
INSERT INTO embalagem_codigo_barras VALUES (826280001, 826270001, '7894916143530', 'Sim');
INSERT INTO embalagem_codigo_barras VALUES (826310001, 826300001, '7896004727035', 'Sim');
INSERT INTO embalagem_codigo_barras VALUES (826340001, 826330001, '7898060138749', 'Sim');
INSERT INTO embalagem_codigo_barras VALUES (826370001, 826360001, '7897595601667', 'Sim');
INSERT INTO embalagem_codigo_barras VALUES (826400001, 826390001, '7893736020182', 'Sim');
INSERT INTO embalagem_codigo_barras VALUES (826430001, 826420001, '7898906376212', 'Sim');
INSERT INTO embalagem_codigo_barras VALUES (826460001, 826450001, '7898014561593', 'Sim');
INSERT INTO embalagem_codigo_barras VALUES (826490001, 826480001, '7898148298747', 'Sim');
INSERT INTO embalagem_codigo_barras VALUES (826520001, 826510001, '7896181905769', 'Sim');
INSERT INTO embalagem_codigo_barras VALUES (826550001, 826540001, '7896472502080', 'Sim');
INSERT INTO embalagem_codigo_barras VALUES (826580001, 826570001, '7891317446772', 'Sim');
INSERT INTO embalagem_codigo_barras VALUES (826610001, 826600001, '7898505090908', 'Sim');
INSERT INTO embalagem_codigo_barras VALUES (826640001, 826630001, '7891721015496', 'Sim');
INSERT INTO embalagem_codigo_barras VALUES (826670001, 826660001, '7896112113584', 'Sim');
INSERT INTO embalagem_codigo_barras VALUES (826700001, 826690001, '7896015521868', 'Sim');
INSERT INTO embalagem_codigo_barras VALUES (826730001, 826720001, '7895858010331', 'Sim');
INSERT INTO embalagem_codigo_barras VALUES (826760001, 826750001, '7896112169413', 'Sim');
INSERT INTO embalagem_codigo_barras VALUES (826790001, 826780001, '7895858000271', 'Sim');
INSERT INTO embalagem_codigo_barras VALUES (826820001, 826810001, '7896004720173', 'Sim');
INSERT INTO embalagem_codigo_barras VALUES (826850001, 826840001, '7896269900198', 'Sim');
INSERT INTO embalagem_codigo_barras VALUES (826880001, 826870001, '7898919603770', 'Sim');
INSERT INTO embalagem_codigo_barras VALUES (826910001, 826900001, '7896676413670', 'Sim');
INSERT INTO embalagem_codigo_barras VALUES (826940001, 826930001, '7897595605115', 'Sim');
INSERT INTO embalagem_codigo_barras VALUES (826970001, 826960001, '7896261011069', 'Sim');
INSERT INTO embalagem_codigo_barras VALUES (827000001, 826990001, '7897595601650', 'Sim');
INSERT INTO embalagem_codigo_barras VALUES (827030001, 827020001, '7896004713274', 'Sim');
INSERT INTO embalagem_codigo_barras VALUES (827060001, 827050001, '7896331701104', 'Sim');
INSERT INTO embalagem_codigo_barras VALUES (827090001, 827080001, '7896004713281', 'Sim');
INSERT INTO embalagem_codigo_barras VALUES (827120001, 827110001, '7896317906226', 'Sim');
INSERT INTO embalagem_codigo_barras VALUES (827150001, 827140001, '7896658017155', 'Sim');
INSERT INTO embalagem_codigo_barras VALUES (827180001, 827170001, '7896676415698', 'Sim');
INSERT INTO embalagem_codigo_barras VALUES (827210001, 827200001, '7896014660803', 'Sim');
INSERT INTO embalagem_codigo_barras VALUES (827240001, 827230001, '7898906376229', 'Sim');
INSERT INTO embalagem_codigo_barras VALUES (827270001, 827260001, '7899095234192', 'Sim');
INSERT INTO embalagem_codigo_barras VALUES (827300001, 827290001, '7895858010362', 'Sim');
INSERT INTO embalagem_codigo_barras VALUES (827330001, 827320001, '7896472513154', 'Sim');
INSERT INTO embalagem_codigo_barras VALUES (827360001, 827350001, '7896676413687', 'Sim');
INSERT INTO embalagem_codigo_barras VALUES (827390001, 827380001, '7896004720166', 'Sim');
INSERT INTO embalagem_codigo_barras VALUES (827420001, 827410001, '7896004700328', 'Sim');
INSERT INTO embalagem_codigo_barras VALUES (827450001, 827440001, '7898430190995', 'Sim');
INSERT INTO embalagem_codigo_barras VALUES (827480001, 827470001, '7896261011076', 'Sim');
INSERT INTO embalagem_codigo_barras VALUES (827510001, 827500001, '7894916143554', 'Sim');
INSERT INTO embalagem_codigo_barras VALUES (827540001, 827530001, '7896382707131', 'Sim');
INSERT INTO embalagem_codigo_barras VALUES (827570001, 827560001, '7898906376236', 'Sim');
INSERT INTO embalagem_codigo_barras VALUES (827600001, 827590001, '7896112156161', 'Sim');
INSERT INTO embalagem_codigo_barras VALUES (827630001, 827620001, '7893454100104', 'Sim');
INSERT INTO embalagem_codigo_barras VALUES (827660001, 827650001, '7898272940994', 'Sim');
INSERT INTO embalagem_codigo_barras VALUES (827690001, 827680001, '7897337707336', 'Sim');
INSERT INTO embalagem_codigo_barras VALUES (827720001, 827710001, '7898216363438', 'Sim');
INSERT INTO embalagem_codigo_barras VALUES (827750001, 827740001, '7896112169437', 'Sim');
INSERT INTO embalagem_codigo_barras VALUES (827780001, 827770001, '7895296094368', 'Sim');
INSERT INTO embalagem_codigo_barras VALUES (827810001, 827800001, '7891721016189', 'Sim');
INSERT INTO embalagem_codigo_barras VALUES (827840001, 827830001, '7896714213767', 'Sim');
INSERT INTO embalagem_codigo_barras VALUES (827870001, 827860001, '7896112114277', 'Sim');
INSERT INTO embalagem_codigo_barras VALUES (827900001, 827890001, '7896112156185', 'Sim');
INSERT INTO embalagem_codigo_barras VALUES (827930001, 827920001, '7897655405549', 'Sim');
INSERT INTO embalagem_codigo_barras VALUES (827960001, 827950001, '7896112113546', 'Sim');
INSERT INTO embalagem_codigo_barras VALUES (827990001, 827980001, '7891317474027', 'Sim');
INSERT INTO embalagem_codigo_barras VALUES (828020001, 828010001, '7897930761377', 'Sim');
INSERT INTO embalagem_codigo_barras VALUES (828050001, 828040001, '7898906376137', 'Sim');
INSERT INTO embalagem_codigo_barras VALUES (828080001, 828070001, '7898505090953', 'Sim');
INSERT INTO embalagem_codigo_barras VALUES (828110001, 828100001, '7891317460259', 'Sim');
INSERT INTO embalagem_codigo_barras VALUES (828140001, 828130001, '7896015519797', 'Sim');
INSERT INTO embalagem_codigo_barras VALUES (828170001, 828160001, '7896658021503', 'Sim');
INSERT INTO embalagem_codigo_barras VALUES (828200001, 828190001, '7893454509815', 'Sim');
INSERT INTO embalagem_codigo_barras VALUES (828230001, 828220001, '7891721019777', 'Sim');
INSERT INTO embalagem_codigo_barras VALUES (828260001, 828250001, '7896004700267', 'Sim');
INSERT INTO embalagem_codigo_barras VALUES (828290001, 828280001, '7896323910026', 'Sim');
INSERT INTO embalagem_codigo_barras VALUES (828320001, 828310001, '7896472502158', 'Sim');
INSERT INTO embalagem_codigo_barras VALUES (828350001, 828340001, '7897595601629', 'Sim');
INSERT INTO embalagem_codigo_barras VALUES (828380001, 828370001, '7896181911999', 'Sim');
INSERT INTO embalagem_codigo_barras VALUES (828410001, 828400001, '7896181907992', 'Sim');
INSERT INTO embalagem_codigo_barras VALUES (828440001, 828430001, '7896046383091', 'Sim');
INSERT INTO embalagem_codigo_barras VALUES (828470001, 828460001, '7898272940987', 'Sim');
INSERT INTO embalagem_codigo_barras VALUES (828500001, 828490001, '7896472502172', 'Sim');
INSERT INTO embalagem_codigo_barras VALUES (828530001, 828520001, '7896004721606', 'Sim');
INSERT INTO embalagem_codigo_barras VALUES (828560001, 828550001, '7898906376120', 'Sim');
INSERT INTO embalagem_codigo_barras VALUES (828590001, 828580001, '7896323910040', 'Sim');
INSERT INTO embalagem_codigo_barras VALUES (828620001, 828610001, '7896206400866', 'Sim');
INSERT INTO embalagem_codigo_barras VALUES (828650001, 828640001, '7896472508303', 'Sim');
INSERT INTO embalagem_codigo_barras VALUES (828680001, 828670001, '7896112113553', 'Sim');
INSERT INTO embalagem_codigo_barras VALUES (828710001, 828700001, '7894916206419', 'Sim');
INSERT INTO embalagem_codigo_barras VALUES (828740001, 828730001, '7896004700274', 'Sim');
INSERT INTO embalagem_codigo_barras VALUES (828770001, 828760001, '7891317460266', 'Sim');
INSERT INTO embalagem_codigo_barras VALUES (828800001, 828790001, '7891268106596', 'Sim');
INSERT INTO embalagem_codigo_barras VALUES (828830001, 828820001, '7898148298655', 'Sim');
INSERT INTO embalagem_codigo_barras VALUES (828860001, 828850001, '7897595601636', 'Sim');
INSERT INTO embalagem_codigo_barras VALUES (828890001, 828880001, '7897705200810', 'Sim');
INSERT INTO embalagem_codigo_barras VALUES (828920001, 828910001, '7891721015502', 'Sim');
INSERT INTO embalagem_codigo_barras VALUES (828950001, 828940001, '7896014660780', 'Sim');
INSERT INTO embalagem_codigo_barras VALUES (828980001, 828970001, '7896046383084', 'Sim');
INSERT INTO embalagem_codigo_barras VALUES (829010001, 829000001, '7898168009361', 'Sim');
INSERT INTO embalagem_codigo_barras VALUES (829040001, 829030001, '7898272940956', 'Sim');
INSERT INTO embalagem_codigo_barras VALUES (829070001, 829060001, '7896004703596', 'Sim');
INSERT INTO embalagem_codigo_barras VALUES (829100001, 829090001, '7896112113560', 'Sim');
INSERT INTO embalagem_codigo_barras VALUES (829130001, 829120001, '7891317103033', 'Sim');
INSERT INTO embalagem_codigo_barras VALUES (829160001, 829150001, '7891721019791', 'Sim');
INSERT INTO embalagem_codigo_barras VALUES (829190001, 829180001, '7896422512435', 'Sim');
INSERT INTO embalagem_codigo_barras VALUES (829220001, 829210001, '7896658021527', 'Sim');
INSERT INTO embalagem_codigo_barras VALUES (829250001, 829240001, '7898906376151', 'Sim');
INSERT INTO embalagem_codigo_barras VALUES (829280001, 829270001, '7898158695499', 'Sim');
INSERT INTO embalagem_codigo_barras VALUES (829310001, 829300001, '7896070601826', 'Sim');
INSERT INTO embalagem_codigo_barras VALUES (829340001, 829330001, '7895296094344', 'Sim');
INSERT INTO embalagem_codigo_barras VALUES (829370001, 829360001, '7896714213736', 'Sim');
INSERT INTO embalagem_codigo_barras VALUES (829400001, 829390001, '7898272940963', 'Sim');
INSERT INTO embalagem_codigo_barras VALUES (829430001, 829420001, '7896472502196', 'Sim');
INSERT INTO embalagem_codigo_barras VALUES (829460001, 829450001, '7896112113577', 'Sim');
INSERT INTO embalagem_codigo_barras VALUES (829490001, 829480001, '7898906376144', 'Sim');
INSERT INTO embalagem_codigo_barras VALUES (829520001, 829510001, '7896112174929', 'Sim');
INSERT INTO embalagem_codigo_barras VALUES (829550001, 829540001, '7896181921288', 'Sim');
INSERT INTO embalagem_codigo_barras VALUES (829580001, 829570001, '7896181905707', 'Sim');
INSERT INTO embalagem_codigo_barras VALUES (829610001, 829600001, '7897595601612', 'Sim');
INSERT INTO embalagem_codigo_barras VALUES (829640001, 829630001, '7898505090984', 'Sim');
INSERT INTO embalagem_codigo_barras VALUES (829670001, 829660001, '7896658018084', 'Sim');
INSERT INTO embalagem_codigo_barras VALUES (829700001, 829690001, '7896004700250', 'Sim');
INSERT INTO embalagem_codigo_barras VALUES (829730001, 829720001, '7891045042239', 'Sim');
INSERT INTO embalagem_codigo_barras VALUES (829760001, 829750001, '7896004727028', 'Sim');
INSERT INTO embalagem_codigo_barras VALUES (829790001, 829780001, '7898272940970', 'Sim');
INSERT INTO embalagem_codigo_barras VALUES (829820001, 829810001, '7896472502189', 'Sim');
INSERT INTO embalagem_codigo_barras VALUES (829850001, 829840001, '7899095235717', 'Sim');
INSERT INTO embalagem_codigo_barras VALUES (829880001, 829870001, '7896112171294', 'Sim');
INSERT INTO embalagem_codigo_barras VALUES (829910001, 829900001, '7891058015695', 'Sim');
INSERT INTO embalagem_codigo_barras VALUES (829940001, 829930001, '7891058409050', 'Sim');
INSERT INTO embalagem_codigo_barras VALUES (829970001, 829960001, '7896422517874', 'Sim');
INSERT INTO embalagem_codigo_barras VALUES (830000001, 829990001, '7896004729220', 'Sim');
INSERT INTO embalagem_codigo_barras VALUES (830030001, 830020001, '7896206400897', 'Sim');
INSERT INTO embalagem_codigo_barras VALUES (830060001, 830050001, '7895858000301', 'Sim');
INSERT INTO embalagem_codigo_barras VALUES (830090001, 830080001, '0', 'Sim');
INSERT INTO embalagem_codigo_barras VALUES (830120001, 830110001, '7896382706028', 'Sim');
INSERT INTO embalagem_codigo_barras VALUES (830150001, 830140001, '7891317019204', 'Sim');
INSERT INTO embalagem_codigo_barras VALUES (830180001, 830170001, '7896070601895', 'Sim');
INSERT INTO embalagem_codigo_barras VALUES (830210001, 830200001, '7896714228969', 'Sim');
INSERT INTO embalagem_codigo_barras VALUES (830240001, 830230001, '7898404220673', 'Sim');
INSERT INTO embalagem_codigo_barras VALUES (830270001, 830260001, '7897705200841', 'Sim');
INSERT INTO embalagem_codigo_barras VALUES (830300001, 830290001, '7896226501154', 'Sim');
INSERT INTO embalagem_codigo_barras VALUES (830330001, 830320001, '7895296094320', 'Sim');
INSERT INTO embalagem_codigo_barras VALUES (830360001, 830350001, '7897076915061', 'Sim');
INSERT INTO embalagem_codigo_barras VALUES (830390001, 830380001, '7896004716534', 'Sim');
INSERT INTO embalagem_codigo_barras VALUES (830420001, 830410001, '7891045042246', 'Sim');
INSERT INTO embalagem_codigo_barras VALUES (830450001, 830440001, '7899547505184', 'Sim');
INSERT INTO embalagem_codigo_barras VALUES (830480001, 830470001, '7896015524418', 'Sim');
INSERT INTO embalagem_codigo_barras VALUES (830510001, 830500001, '7896676410235', 'Sim');
INSERT INTO embalagem_codigo_barras VALUES (830540001, 830530001, '7898430190933', 'Sim');
INSERT INTO embalagem_codigo_barras VALUES (830570001, 830560001, '7896676410228', 'Sim');
INSERT INTO embalagem_codigo_barras VALUES (830600001, 830590001, '7891268107609', 'Sim');
INSERT INTO embalagem_codigo_barras VALUES (830630001, 830620001, '7896382700750', 'Sim');
INSERT INTO embalagem_codigo_barras VALUES (830660001, 830650001, '7898060133225', 'Sim');
INSERT INTO embalagem_codigo_barras VALUES (830690001, 830680001, '7891317474058', 'Sim');
INSERT INTO embalagem_codigo_barras VALUES (830720001, 830710001, '7896331702781', 'Sim');
INSERT INTO embalagem_codigo_barras VALUES (830750001, 830740001, '7896014660742', 'Sim');
INSERT INTO embalagem_codigo_barras VALUES (830780001, 830770001, '7896472502127', 'Sim');
INSERT INTO embalagem_codigo_barras VALUES (830810001, 830800001, '7898148295784', 'Sim');
INSERT INTO embalagem_codigo_barras VALUES (830840001, 830830001, '7897076915078', 'Sim');
INSERT INTO embalagem_codigo_barras VALUES (830870001, 830860001, '7896083400775', 'Sim');
INSERT INTO embalagem_codigo_barras VALUES (830900001, 830890001, '7896212423866', 'Sim');
INSERT INTO embalagem_codigo_barras VALUES (830930001, 830920001, '7898430190940', 'Sim');
INSERT INTO embalagem_codigo_barras VALUES (830960001, 830950001, '7896212429028', 'Sim');
INSERT INTO embalagem_codigo_barras VALUES (830990001, 830980001, '7896004731094', 'Sim');
INSERT INTO embalagem_codigo_barras VALUES (831020001, 831010001, '7898907313476', 'Sim');
INSERT INTO embalagem_codigo_barras VALUES (831050001, 831040001, '7896004736921', 'Sim');
INSERT INTO embalagem_codigo_barras VALUES (831080001, 831070001, '7891158021206', 'Sim');
INSERT INTO embalagem_codigo_barras VALUES (831110001, 831100001, '7898906376199', 'Sim');
INSERT INTO embalagem_codigo_barras VALUES (831140001, 831130001, '7891317485429', 'Sim');
INSERT INTO embalagem_codigo_barras VALUES (831170001, 831160001, '7898148295777', 'Sim');
INSERT INTO embalagem_codigo_barras VALUES (831200001, 831190001, '7895296094306', 'Sim');
INSERT INTO embalagem_codigo_barras VALUES (831230001, 831220001, '7894916206426', 'Sim');
INSERT INTO embalagem_codigo_barras VALUES (831260001, 831250001, '7891721016165', 'Sim');
INSERT INTO embalagem_codigo_barras VALUES (831290001, 831280001, '7896006291527', 'Sim');
INSERT INTO embalagem_codigo_barras VALUES (831320001, 831310001, '7898074617612', 'Sim');
INSERT INTO embalagem_codigo_barras VALUES (831350001, 831340001, '7891058034092', 'Sim');
INSERT INTO embalagem_codigo_barras VALUES (831380001, 831370001, '7896206400873', 'Sim');
INSERT INTO embalagem_codigo_barras VALUES (831410001, 831400001, '7896212429035', 'Sim');
INSERT INTO embalagem_codigo_barras VALUES (831440001, 831430001, '7896006246381', 'Sim');
INSERT INTO embalagem_codigo_barras VALUES (831470001, 831460001, '7896006244004', 'Sim');
INSERT INTO embalagem_codigo_barras VALUES (831500001, 831490001, '7896212422715', 'Sim');
INSERT INTO embalagem_codigo_barras VALUES (831530001, 831520001, '7896004736938', 'Sim');
INSERT INTO embalagem_codigo_barras VALUES (831560001, 831550001, '7898495601870', 'Sim');
INSERT INTO embalagem_codigo_barras VALUES (831590001, 831580001, '7891317474034', 'Sim');
INSERT INTO embalagem_codigo_barras VALUES (831620001, 831610001, '7896676413717', 'Sim');
INSERT INTO embalagem_codigo_barras VALUES (831650001, 831640001, '7891721016172', 'Sim');
INSERT INTO embalagem_codigo_barras VALUES (831680001, 831670001, '7896014660766', 'Sim');
INSERT INTO embalagem_codigo_barras VALUES (831710001, 831700001, '7898060133249', 'Sim');
INSERT INTO embalagem_codigo_barras VALUES (831740001, 831730001, '7893736601315', 'Sim');
INSERT INTO embalagem_codigo_barras VALUES (831770001, 831760001, '7896015523398', 'Sim');
INSERT INTO embalagem_codigo_barras VALUES (831800001, 831790001, '7896422513517', 'Sim');
INSERT INTO embalagem_codigo_barras VALUES (831830001, 831820001, '7896658018046', 'Sim');
INSERT INTO embalagem_codigo_barras VALUES (831860001, 831850001, '7896323910019', 'Sim');
INSERT INTO embalagem_codigo_barras VALUES (831890001, 831880001, '7891158027952', 'Sim');
INSERT INTO embalagem_codigo_barras VALUES (831920001, 831910001, '7896226501147', 'Sim');
INSERT INTO embalagem_codigo_barras VALUES (831950001, 831940001, '7898906376182', 'Sim');
INSERT INTO embalagem_codigo_barras VALUES (831980001, 831970001, '7891268103212', 'Sim');
INSERT INTO embalagem_codigo_barras VALUES (832010001, 832000001, '7899337000479', 'Sim');
INSERT INTO embalagem_codigo_barras VALUES (832040001, 832030001, '7891721010026', 'Sim');
INSERT INTO embalagem_codigo_barras VALUES (832070001, 832060001, '7896083400744', 'Sim');
INSERT INTO embalagem_codigo_barras VALUES (832100001, 832090001, '7898505092032', 'Sim');
INSERT INTO embalagem_codigo_barras VALUES (832130001, 832120001, '7896685300961', 'Sim');
INSERT INTO embalagem_codigo_barras VALUES (832160001, 832150001, '7898014563733', 'Sim');
INSERT INTO embalagem_codigo_barras VALUES (832190001, 832180001, '8902344309219', 'Sim');
INSERT INTO embalagem_codigo_barras VALUES (832220001, 832210001, '7893736004502', 'Sim');
INSERT INTO embalagem_codigo_barras VALUES (832250001, 832240001, '7896714220017', 'Sim');
INSERT INTO embalagem_codigo_barras VALUES (832280001, 832270001, '7891268106527', 'Sim');
INSERT INTO embalagem_codigo_barras VALUES (832310001, 832300001, '7896641800580', 'Sim');
INSERT INTO embalagem_codigo_barras VALUES (832340001, 832330001, '7896212422777', 'Sim');
INSERT INTO embalagem_codigo_barras VALUES (832370001, 832360001, '7896004716565', 'Sim');
INSERT INTO embalagem_codigo_barras VALUES (832400001, 832390001, '7896658007781', 'Sim');
INSERT INTO embalagem_codigo_barras VALUES (832430001, 832420001, '7896094901216', 'Sim');
INSERT INTO embalagem_codigo_barras VALUES (832460001, 832450001, '7898014563726', 'Sim');
INSERT INTO embalagem_codigo_barras VALUES (832490001, 832480001, '7891317412555', 'Sim');
INSERT INTO embalagem_codigo_barras VALUES (832520001, 832510001, '7893353603126', 'Sim');
INSERT INTO embalagem_codigo_barras VALUES (832550001, 832540001, '7891045040150', 'Sim');
INSERT INTO embalagem_codigo_barras VALUES (832580001, 832570001, '7896006234753', 'Sim');
INSERT INTO embalagem_codigo_barras VALUES (832610001, 832600001, '7895296092302', 'Sim');
INSERT INTO embalagem_codigo_barras VALUES (832640001, 832630001, '7891106006521', 'Sim');
INSERT INTO embalagem_codigo_barras VALUES (832670001, 832660001, '7896094901209', 'Sim');
INSERT INTO embalagem_codigo_barras VALUES (832700001, 832690001, '7891268103205', 'Sim');
INSERT INTO embalagem_codigo_barras VALUES (832730001, 832720001, '7896006290421', 'Sim');
INSERT INTO embalagem_codigo_barras VALUES (832760001, 832750001, '7896004716558', 'Sim');
INSERT INTO embalagem_codigo_barras VALUES (832790001, 832780001, '7896714238210', 'Sim');
INSERT INTO embalagem_codigo_barras VALUES (832820001, 832810001, '7896251800987', 'Sim');
INSERT INTO embalagem_codigo_barras VALUES (832850001, 832840001, '7896046383008', 'Sim');
INSERT INTO embalagem_codigo_barras VALUES (832880001, 832870001, '7896015519735', 'Sim');
INSERT INTO embalagem_codigo_barras VALUES (832910001, 832900001, '7891268106541', 'Sim');
INSERT INTO embalagem_codigo_barras VALUES (832940001, 832930001, '7891317412548', 'Sim');
INSERT INTO embalagem_codigo_barras VALUES (832970001, 832960001, '7896181900818', 'Sim');
INSERT INTO embalagem_codigo_barras VALUES (833000001, 832990001, '7896015524470', 'Sim');
INSERT INTO embalagem_codigo_barras VALUES (833030001, 833020001, '7896083400768', 'Sim');
INSERT INTO embalagem_codigo_barras VALUES (833060001, 833050001, '7898926573103', 'Sim');
INSERT INTO embalagem_codigo_barras VALUES (833090001, 833080001, '7896685300947', 'Sim');
INSERT INTO embalagem_codigo_barras VALUES (833120001, 833110001, '7896004703510', 'Sim');
INSERT INTO embalagem_codigo_barras VALUES (833150001, 833140001, '7891106906715', 'Sim');
INSERT INTO embalagem_codigo_barras VALUES (833180001, 833170001, '7896112167211', 'Sim');
INSERT INTO embalagem_codigo_barras VALUES (833210001, 833200001, '7898911244728', 'Sim');
INSERT INTO embalagem_codigo_barras VALUES (833240001, 833230001, '7899337000455', 'Sim');
INSERT INTO embalagem_codigo_barras VALUES (833270001, 833260001, '7899095203518', 'Sim');
INSERT INTO embalagem_codigo_barras VALUES (833300001, 833290001, '7896658005619', 'Sim');
INSERT INTO embalagem_codigo_barras VALUES (833330001, 833320001, '7898146829318', 'Sim');
INSERT INTO embalagem_codigo_barras VALUES (833360001, 833350001, '7896714228907', 'Sim');
INSERT INTO embalagem_codigo_barras VALUES (833390001, 833380001, '7894916509541', 'Sim');
INSERT INTO embalagem_codigo_barras VALUES (833420001, 833410001, '7899547505191', 'Sim');
INSERT INTO embalagem_codigo_barras VALUES (833450001, 833440001, '7896004716541', 'Sim');
INSERT INTO embalagem_codigo_barras VALUES (833480001, 833470001, '7896472502103', 'Sim');
INSERT INTO embalagem_codigo_barras VALUES (833510001, 833500001, '7891317412531', 'Sim');
INSERT INTO embalagem_codigo_barras VALUES (833540001, 833530001, '7896015523350', 'Sim');
INSERT INTO embalagem_codigo_barras VALUES (833570001, 833560001, '7891106906722', 'Sim');
INSERT INTO embalagem_codigo_barras VALUES (833600001, 833590001, '7896714212203', 'Sim');
INSERT INTO embalagem_codigo_barras VALUES (833630001, 833620001, '7895296144056', 'Sim');
INSERT INTO embalagem_codigo_barras VALUES (833660001, 833650001, '7897316805381', 'Sim');
INSERT INTO embalagem_codigo_barras VALUES (833690001, 833680001, '7896658005626', 'Sim');
INSERT INTO embalagem_codigo_barras VALUES (833720001, 833710001, '7891106006507', 'Sim');
INSERT INTO embalagem_codigo_barras VALUES (833750001, 833740001, '7896006232544', 'Sim');
INSERT INTO embalagem_codigo_barras VALUES (833780001, 833770001, '7891317412524', 'Sim');
INSERT INTO embalagem_codigo_barras VALUES (833810001, 833800001, '7898146829301', 'Sim');
INSERT INTO embalagem_codigo_barras VALUES (833840001, 833830001, '7896658020018', 'Sim');
INSERT INTO embalagem_codigo_barras VALUES (833870001, 833860001, '7896323910064', 'Sim');
INSERT INTO embalagem_codigo_barras VALUES (833900001, 833890001, '7891721019739', 'Sim');
INSERT INTO embalagem_codigo_barras VALUES (833930001, 833920001, '7896014688296', 'Sim');
INSERT INTO embalagem_codigo_barras VALUES (833960001, 833950001, '7894916142083', 'Sim');
INSERT INTO embalagem_codigo_barras VALUES (833990001, 833980001, '7893736003017', 'Sim');
INSERT INTO embalagem_codigo_barras VALUES (834020001, 834010001, '7894916510288', 'Sim');
INSERT INTO embalagem_codigo_barras VALUES (834050001, 834040001, '7897595607355', 'Sim');
INSERT INTO embalagem_codigo_barras VALUES (834080001, 834070001, '7891317489724', 'Sim');
INSERT INTO embalagem_codigo_barras VALUES (834110001, 834100001, '7891268105315', 'Sim');
INSERT INTO embalagem_codigo_barras VALUES (834140001, 834130001, '7893454213019', 'Sim');
INSERT INTO embalagem_codigo_barras VALUES (834170001, 834160001, '7898148295715', 'Sim');
INSERT INTO embalagem_codigo_barras VALUES (834200001, 834190001, '7896006291589', 'Sim');
INSERT INTO embalagem_codigo_barras VALUES (834230001, 834220001, '7898148294268', 'Sim');
INSERT INTO embalagem_codigo_barras VALUES (834260001, 834250001, '7896641807732', 'Sim');
INSERT INTO embalagem_codigo_barras VALUES (834290001, 834280001, '7899095203532', 'Sim');
INSERT INTO embalagem_codigo_barras VALUES (834320001, 834310001, '7894916510271', 'Sim');
INSERT INTO embalagem_codigo_barras VALUES (834350001, 834340001, '7896015519742', 'Sim');
INSERT INTO embalagem_codigo_barras VALUES (834380001, 834370001, '7898106035421', 'Sim');
INSERT INTO embalagem_codigo_barras VALUES (834410001, 834400001, '7896658005602', 'Sim');
INSERT INTO embalagem_codigo_barras VALUES (834440001, 834430001, '7896006244066', 'Sim');
INSERT INTO embalagem_codigo_barras VALUES (834470001, 834460001, '7898911244759', 'Sim');
INSERT INTO embalagem_codigo_barras VALUES (834500001, 834490001, '7891268106558', 'Sim');
INSERT INTO embalagem_codigo_barras VALUES (834530001, 834520001, '7897595607362', 'Sim');
INSERT INTO embalagem_codigo_barras VALUES (834560001, 834550001, '7896714205687', 'Sim');
INSERT INTO embalagem_codigo_barras VALUES (834590001, 834580001, '7896004705804', 'Sim');
INSERT INTO embalagem_codigo_barras VALUES (834620001, 834610001, '7898945030304', 'Sim');
INSERT INTO embalagem_codigo_barras VALUES (834650001, 834640001, '7891317489731', 'Sim');
INSERT INTO embalagem_codigo_barras VALUES (834680001, 834670001, '7894164003440', 'Sim');
INSERT INTO embalagem_codigo_barras VALUES (834710001, 834700001, '7896251800536', 'Sim');
INSERT INTO embalagem_codigo_barras VALUES (834740001, 834730001, '7896269955136', 'Sim');
INSERT INTO embalagem_codigo_barras VALUES (834770001, 834760001, '7896523210940', 'Sim');
INSERT INTO embalagem_codigo_barras VALUES (834800001, 834790001, '7896422517843', 'Sim');
INSERT INTO embalagem_codigo_barras VALUES (834830001, 834820001, '7896015519773', 'Sim');
INSERT INTO embalagem_codigo_barras VALUES (834860001, 834850001, '7898907313421', 'Sim');
INSERT INTO embalagem_codigo_barras VALUES (834890001, 834880001, '7896006211297', 'Sim');
INSERT INTO embalagem_codigo_barras VALUES (834920001, 834910001, '7896212422784', 'Sim');
INSERT INTO embalagem_codigo_barras VALUES (834950001, 834940001, '7898060131184', 'Sim');
INSERT INTO embalagem_codigo_barras VALUES (834980001, 834970001, '7897406113693', 'Sim');
INSERT INTO embalagem_codigo_barras VALUES (835010001, 835000001, '7894916509503', 'Sim');
INSERT INTO embalagem_codigo_barras VALUES (835040001, 835030001, '7891142018090', 'Sim');
INSERT INTO embalagem_codigo_barras VALUES (835070001, 835060001, '7895296092319', 'Sim');
INSERT INTO embalagem_codigo_barras VALUES (835100001, 835090001, '7897848502840', 'Sim');
INSERT INTO embalagem_codigo_barras VALUES (835130001, 835120001, '7891721019753', 'Sim');
INSERT INTO embalagem_codigo_barras VALUES (835160001, 835150001, '7899095203556', 'Sim');
INSERT INTO embalagem_codigo_barras VALUES (835190001, 835180001, '7896112142379', 'Sim');
INSERT INTO embalagem_codigo_barras VALUES (835220001, 835210001, '7896658020025', 'Sim');
INSERT INTO embalagem_codigo_barras VALUES (835250001, 835240001, '7893454213026', 'Sim');
INSERT INTO embalagem_codigo_barras VALUES (835280001, 835270001, '7896006246305', 'Sim');
INSERT INTO embalagem_codigo_barras VALUES (835310001, 835300001, '7894916509510', 'Sim');
INSERT INTO embalagem_codigo_barras VALUES (835340001, 835330001, '7896006290483', 'Sim');
INSERT INTO embalagem_codigo_barras VALUES (835370001, 835360001, '7897930761322', 'Sim');
INSERT INTO embalagem_codigo_barras VALUES (835400001, 835390001, '7895296092326', 'Sim');
INSERT INTO embalagem_codigo_barras VALUES (835430001, 835420001, '7896004703565', 'Sim');
INSERT INTO embalagem_codigo_barras VALUES (835460001, 835450001, '7896015517670', 'Sim');
INSERT INTO embalagem_codigo_barras VALUES (835490001, 835480001, '8902220112278', 'Sim');
INSERT INTO embalagem_codigo_barras VALUES (835520001, 835510001, '7898158693129', 'Sim');
INSERT INTO embalagem_codigo_barras VALUES (835550001, 835540001, '7896006292500', 'Sim');


--
-- TOC entry 1881 (class 0 OID 116555)
-- Dependencies: 163 1883
-- Data for Name: fabricante; Type: TABLE DATA; Schema: public; Owner: postgres
--

INSERT INTO fabricante VALUES (729080001, 4, 'LUCHEFARMA2', 'LUCHEFARMA', 5);
INSERT INTO fabricante VALUES (561420001, 1, 'LUCHEFARMA', 'LUCHEFARMA DIST.', 3);
INSERT INTO fabricante VALUES (561740001, 2, 'LUCHEF', 'LUCHEF', 5);
INSERT INTO fabricante VALUES (721240001, 3, 'LUCHEFA', 'LUCHEF', 1);
INSERT INTO fabricante VALUES (745760001, 5, 'TESTE', 'TESTE', 1);
INSERT INTO fabricante VALUES (775220001, 6, 'TESTE 0309', 'TESTE 0309', 3);
INSERT INTO fabricante VALUES (787620001, 7, 'TESTE 0708', 'TESTE 0708', 3);
INSERT INTO fabricante VALUES (809400001, 9, 'TS FLAVIO', 'TS FLAVIO', 3);
INSERT INTO fabricante VALUES (808130001, 8, 'TTT', 'TTTTTTTT', 4);
INSERT INTO fabricante VALUES (814770001, 10, 'APPLE COMPUTER', 'APPLE COMPUTER', 0);
INSERT INTO fabricante VALUES (814790001, 12, 'DELL', 'DELL', 0);
INSERT INTO fabricante VALUES (814800001, 13, 'IBM', 'IBM', 0);
INSERT INTO fabricante VALUES (814810001, 14, 'PHILIPS', 'PHILIPS', 0);
INSERT INTO fabricante VALUES (814820001, 15, 'SAMSUNG', 'SAMSUNG', 0);
INSERT INTO fabricante VALUES (814830001, 16, 'SONY', 'SONY', 0);
INSERT INTO fabricante VALUES (814840001, 17, 'ASUS', 'ASUS', 0);
INSERT INTO fabricante VALUES (814850001, 18, 'POWERCOLOR', 'POWERCOLOR', 0);
INSERT INTO fabricante VALUES (814870001, 20, 'INTEL CORPORATION', 'INTEL CORPORATION', 0);
INSERT INTO fabricante VALUES (819140001, 27, 'ABL-ANTIBIOTICOS', 'ABL-ANTIBIOTICOS', 7);
INSERT INTO fabricante VALUES (819450001, 55, 'MERCK SHARP', 'MERCK SHARP', 7);
INSERT INTO fabricante VALUES (819880001, 97, 'NOVO NORDISK', 'NOVO NORDISK', 7);
INSERT INTO fabricante VALUES (819900001, 99, 'WYETH CONSUMER', 'WYETH CONSUMER', 7);
INSERT INTO fabricante VALUES (836340001, 120, 'PROCTER & GAMBLE', 'PROCTER & GAMBLE', 0);
INSERT INTO fabricante VALUES (819920001, 101, 'SANTISA', 'SANTISA', 7);
INSERT INTO fabricante VALUES (819980001, 107, 'ZAMBON', 'ZAMBON', 7);
INSERT INTO fabricante VALUES (820010001, 110, 'COSMED', 'COSMED', 7);
INSERT INTO fabricante VALUES (820040001, 113, 'BIOGEN IDEC', 'BIOGEN IDEC', 7);
INSERT INTO fabricante VALUES (820050001, 114, 'NOVAFARMA', 'NOVAFARMA', 7);
INSERT INTO fabricante VALUES (820060001, 115, 'ALTHAIA S.A IND. FARMACEUTICA', 'ALTHAIA S.A IND. FA', 7);
INSERT INTO fabricante VALUES (820080001, 117, 'BIOCHIMICO', 'BIOCHIMICO', 7);
INSERT INTO fabricante VALUES (819170001, 30, 'GLAXOSMITHKLINE', 'GLAXOSMITHKLINE', 7);
INSERT INTO fabricante VALUES (819180001, 31, 'MERCK', 'MERCK', 7);
INSERT INTO fabricante VALUES (819200001, 33, 'NYCOMED PHARMA', 'NYCOMED PHARMA', 7);
INSERT INTO fabricante VALUES (819280001, 39, 'ACHE', 'ACHE', 7);
INSERT INTO fabricante VALUES (819370001, 47, 'EUROFARMA', 'EUROFARMA', 7);
INSERT INTO fabricante VALUES (819520001, 62, 'BERGAMO', 'BERGAMO', 7);
INSERT INTO fabricante VALUES (819530001, 63, 'CIMED', 'CIMED', 7);
INSERT INTO fabricante VALUES (819630001, 73, 'GENERICOS GERMED', 'GENERICOS GERMED', 7);
INSERT INTO fabricante VALUES (819730001, 82, 'JANSSEN-CILAG', 'JANSSEN-CILAG', 7);
INSERT INTO fabricante VALUES (819770001, 86, 'PHARMASCIENCE', 'PHARMASCIENCE', 7);
INSERT INTO fabricante VALUES (819810001, 90, 'GEOLAB', 'GEOLAB', 7);
INSERT INTO fabricante VALUES (819860001, 95, 'BIOLOGIA', 'BIOLOGIA', 7);
INSERT INTO fabricante VALUES (820000001, 109, 'CLARIS FARMACEUTICOS', 'CLARIS FARMACEUTICOS', 7);
INSERT INTO fabricante VALUES (814780001, 11, 'ACER', 'ACER', 8);
INSERT INTO fabricante VALUES (819240001, 35, 'VITAPAN', 'VITAPAN', 8);
INSERT INTO fabricante VALUES (819160001, 29, 'LEGRAND GENERICOS', 'LEGRAND GENERICOS', 7);
INSERT INTO fabricante VALUES (819220001, 34, 'NOVARTIS', 'NOVARTIS', 7);
INSERT INTO fabricante VALUES (819250001, 36, 'ATIVUS', 'ATIVUS', 7);
INSERT INTO fabricante VALUES (819310001, 41, 'PFIZER', 'PFIZER', 7);
INSERT INTO fabricante VALUES (819320001, 42, 'ASPEN PHARMA', 'ASPEN PHARMA', 7);
INSERT INTO fabricante VALUES (819330001, 43, 'ASTELLAS FARMA', 'ASTELLAS FARMA', 7);
INSERT INTO fabricante VALUES (819340001, 44, 'MEDLEY', 'MEDLEY', 7);
INSERT INTO fabricante VALUES (819350001, 45, 'ALLERGAN', 'ALLERGAN', 7);
INSERT INTO fabricante VALUES (819380001, 48, 'LUNDBECK', 'LUNDBECK', 7);
INSERT INTO fabricante VALUES (819430001, 53, 'GERMED PHARMA', 'GERMED PHARMA', 7);
INSERT INTO fabricante VALUES (819440001, 54, 'THERASKIN', 'THERASKIN', 7);
INSERT INTO fabricante VALUES (819460001, 56, 'GLAXOSMITHKLINE - DIV OTC', 'GLAXOSMITHKLINE - D', 7);
INSERT INTO fabricante VALUES (819560001, 66, 'SIGMA PHARMA', 'SIGMA PHARMA', 7);
INSERT INTO fabricante VALUES (819570001, 67, 'WYETH', 'WYETH', 7);
INSERT INTO fabricante VALUES (819600001, 70, 'DELTA', 'DELTA', 7);
INSERT INTO fabricante VALUES (819610001, 71, 'MYRALIS PHARMA', 'MYRALIS PHARMA', 7);
INSERT INTO fabricante VALUES (819620001, 72, 'LEGRAND TARJADOS', 'LEGRAND TARJADOS', 7);
INSERT INTO fabricante VALUES (819640001, 74, 'NECKERMAN', 'NECKERMAN', 7);
INSERT INTO fabricante VALUES (819660001, 76, 'CARESSE', 'CARESSE', 7);
INSERT INTO fabricante VALUES (819670001, 77, 'ABBOTT', 'ABBOTT', 7);
INSERT INTO fabricante VALUES (819720001, 81, 'ROCHE', 'ROCHE', 7);
INSERT INTO fabricante VALUES (819750001, 84, 'BAGO', 'BAGO', 7);
INSERT INTO fabricante VALUES (819780001, 87, 'MABRA', 'MABRA', 7);
INSERT INTO fabricante VALUES (819820001, 91, 'TKS', 'TKS', 7);
INSERT INTO fabricante VALUES (819830001, 92, 'PHARLAB', 'PHARLAB', 7);
INSERT INTO fabricante VALUES (819840001, 93, 'UCI-FARMA', 'UCI-FARMA', 7);
INSERT INTO fabricante VALUES (819850001, 94, 'GALDERMA', 'GALDERMA', 7);
INSERT INTO fabricante VALUES (819080001, 21, 'BIOSINTETICA', 'BIOSINTETICA', 7);
INSERT INTO fabricante VALUES (819090001, 22, 'SANDOZ', 'SANDOZ', 7);
INSERT INTO fabricante VALUES (819100001, 23, 'BAYER', 'BAYER', 7);
INSERT INTO fabricante VALUES (819110001, 24, 'NEO QUIMICA', 'NEO QUIMICA', 7);
INSERT INTO fabricante VALUES (819120001, 25, 'GLOBO', 'GLOBO', 7);
INSERT INTO fabricante VALUES (819130001, 26, 'NOVA QUIMICA', 'NOVA QUIMICA', 7);
INSERT INTO fabricante VALUES (819150001, 28, 'CRISTALIA', 'CRISTALIA', 7);
INSERT INTO fabricante VALUES (819190001, 32, 'SANOFI-AVENTIS', 'SANOFI-AVENTIS', 7);
INSERT INTO fabricante VALUES (819260001, 37, 'EMS GENERICO', 'EMS GENERICO', 7);
INSERT INTO fabricante VALUES (819290001, 40, 'PRATI, DONADUZZI', 'PRATI, DONADUZZI', 7);
INSERT INTO fabricante VALUES (819410001, 51, 'SUPERA', 'SUPERA', 7);
INSERT INTO fabricante VALUES (819480001, 58, 'CIFARMA', 'CIFARMA', 7);
INSERT INTO fabricante VALUES (819490001, 59, 'BOEHRINGER', 'BOEHRINGER', 7);
INSERT INTO fabricante VALUES (819500001, 60, 'EMS', 'EMS', 7);
INSERT INTO fabricante VALUES (819510001, 61, 'DAIICHI SANKYO', 'DAIICHI SANKYO', 7);
INSERT INTO fabricante VALUES (819590001, 69, 'CAZI', 'CAZI', 7);
INSERT INTO fabricante VALUES (819690001, 78, 'ELI LILLY', 'ELI LILLY', 7);
INSERT INTO fabricante VALUES (819700001, 79, 'ASTRAZENECA', 'ASTRAZENECA', 7);
INSERT INTO fabricante VALUES (819710001, 80, 'TEUTO', 'TEUTO', 7);
INSERT INTO fabricante VALUES (819740001, 83, 'MULTILAB', 'MULTILAB', 7);
INSERT INTO fabricante VALUES (819790001, 88, 'HERTZ', 'HERTZ', 7);
INSERT INTO fabricante VALUES (819800001, 89, 'BLAUSIEGEL', 'BLAUSIEGEL', 7);
INSERT INTO fabricante VALUES (819870001, 96, 'BAUSCH & LOMB', 'BAUSCH & LOMB', 7);
INSERT INTO fabricante VALUES (819910001, 100, 'UNITED MEDICAL', 'UNITED MEDICAL', 7);
INSERT INTO fabricante VALUES (819930001, 102, 'HERBARIUM', 'HERBARIUM', 7);
INSERT INTO fabricante VALUES (819970001, 106, 'UNIAO QUIMICA', 'UNIAO QUIMICA', 7);
INSERT INTO fabricante VALUES (819990001, 108, 'HEBRON', 'HEBRON', 7);
INSERT INTO fabricante VALUES (820090001, 118, 'MANTECORP', 'MANTECORP', 7);
INSERT INTO fabricante VALUES (814860001, 19, 'NVIDIA', 'NVIDIA', 8);
INSERT INTO fabricante VALUES (819270001, 38, 'TEVA', 'TEVA', 7);
INSERT INTO fabricante VALUES (819360001, 46, 'ACTAVIS', 'ACTAVIS', 7);
INSERT INTO fabricante VALUES (819390001, 49, 'PIERRE FABRE', 'PIERRE FABRE', 7);
INSERT INTO fabricante VALUES (819400001, 50, 'RANBAXY', 'RANBAXY', 7);
INSERT INTO fabricante VALUES (819420001, 52, 'BALDACCI', 'BALDACCI', 7);
INSERT INTO fabricante VALUES (819470001, 57, 'TORRENT DO BRASIL', 'TORRENT DO BRASIL', 7);
INSERT INTO fabricante VALUES (819540001, 64, 'BIOLAB SANUS', 'BIOLAB SANUS', 7);
INSERT INTO fabricante VALUES (819550001, 65, 'HEPACHOLAN', 'HEPACHOLAN', 7);
INSERT INTO fabricante VALUES (819580001, 68, 'MEIZLER UCB', 'MEIZLER UCB', 7);
INSERT INTO fabricante VALUES (819650001, 75, 'CATARINENSE', 'CATARINENSE', 7);
INSERT INTO fabricante VALUES (819760001, 85, 'OPHTHALMOS', 'OPHTHALMOS', 7);
INSERT INTO fabricante VALUES (819890001, 98, 'VALEANT', 'VALEANT', 7);
INSERT INTO fabricante VALUES (819940001, 103, 'LEGRAND PRESCRICAO', 'LEGRAND PRESCRICAO', 7);
INSERT INTO fabricante VALUES (819950001, 104, 'MELCON', 'MELCON', 7);
INSERT INTO fabricante VALUES (819960001, 105, 'MOMENTA', 'MOMENTA', 7);
INSERT INTO fabricante VALUES (820020001, 111, 'BUNKER', 'BUNKER', 7);
INSERT INTO fabricante VALUES (820030001, 112, 'STIEFEL', 'STIEFEL', 7);
INSERT INTO fabricante VALUES (820070001, 116, 'AIRELA', 'AIRELA', 7);
INSERT INTO fabricante VALUES (820100001, 119, 'NATIVITA', 'NATIVITA', 7);


--
-- TOC entry 1882 (class 0 OID 116561)
-- Dependencies: 164 1883
-- Data for Name: produto; Type: TABLE DATA; Schema: public; Owner: postgres
--

INSERT INTO produto VALUES (825270001, 819170001, 326, 'AEROLIN', 'AEROLIN', 14);
INSERT INTO produto VALUES (730070001, 814780001, 64, 'AFRIN ADL 12H 10MLETICO', 'AFRIN ADL 12HHH', 43);
INSERT INTO produto VALUES (734460001, 561420001, 117, 'AG. OXIG.10V 100ML GOTDF', 'AG. OXIG.10V 100ML L', 37);
INSERT INTO produto VALUES (831660001, 819800001, 539, 'ALFAECOM', 'ALFAEPOETINA HUMANA1', 15);
INSERT INTO produto VALUES (809460001, 561420001, 150, 'NOVO PRODUTO', 'NOVO PRODUTO', 3);
INSERT INTO produto VALUES (823500001, 819110001, 267, 'AMOXICILINA', 'AMOXICILINA', 22);
INSERT INTO produto VALUES (749390001, 819240001, 131, 'ACECLOFENACO', 'ACECLOFENACO', 48);
INSERT INTO produto VALUES (820590001, 819240001, 170, 'GLICOMET', 'GLICOMET', 16);
INSERT INTO produto VALUES (815610001, 814780001, 152, 'ANADORS', 'ANADOR', 19);
INSERT INTO produto VALUES (737280001, 561420001, 125, 'DFDFDF', 'DFDFDF', 1);
INSERT INTO produto VALUES (738740001, 561420001, 127, 'AS2', 'AS2', 3);
INSERT INTO produto VALUES (700480001, NULL, 34, 'A', 'A', 0);
INSERT INTO produto VALUES (712480001, 561420001, 53, 'D', 'D', 3);
INSERT INTO produto VALUES (700420001, NULL, 32, 'AS', 'AS', 0);
INSERT INTO produto VALUES (700430001, NULL, 33, NULL, NULL, 0);
INSERT INTO produto VALUES (729190001, 561420001, 57, 'DADSDSDS', 'SASAS', 1);
INSERT INTO produto VALUES (547960001, 561420001, 1, 'CANFORA SINTA', 'CANFORA SINTETICA', 577);
INSERT INTO produto VALUES (758130001, 561420001, 145, 'TESTE283', 'TESTE283', 59);
INSERT INTO produto VALUES (548220001, 561420001, 3, 'HISTAMIN 2MG C/20 COMP', 'HISTAMIN 2MG C/20 CO', 270);
INSERT INTO produto VALUES (734060001, 561420001, 109, 'BARBEADOR IMP', 'BARBEADOR IMPORTADO', 24);
INSERT INTO produto VALUES (730270001, 561420001, 68, 'BUDECORT AQUA 64MCG ', 'BUDECORT AQUA 64MCGA', 33);
INSERT INTO produto VALUES (721190001, 561420001, 55, ' SADS', 'ASASS', 15);
INSERT INTO produto VALUES (706170001, 561420001, 35, 'AKINETON 2MG CPRX80 C1ETICO', 'AKINETON 2MG CPR 1XS', 16);
INSERT INTO produto VALUES (738690001, 561420001, 126, 'ASADELTA', 'ASADELTAA', 17);
INSERT INTO produto VALUES (706330001, 561420001, 38, 'CERUMIN SOL 8ML', 'CERUMIN SOL 8ML', 22);
INSERT INTO produto VALUES (706280001, 561420001, 37, 'CATAFLAM 50', 'CATAFLAM 50MG A', 11);
INSERT INTO produto VALUES (749490001, 561420001, 133, 'CETOPROFENO', 'CETOPROFENO', 33);
INSERT INTO produto VALUES (808170001, 561420001, 149, 'K 21', 'K 21', 3);
INSERT INTO produto VALUES (697680001, 561420001, 30, 'NEOSALDINA 30ML', 'ABC 10MG/ML SOL SS', 38);
INSERT INTO produto VALUES (683090001, 819740001, 26, 'CORTITOP', 'CORTITOP', 21);
INSERT INTO produto VALUES (757960001, 561420001, 143, 'TESTE 28', 'TESTE 28', 9);
INSERT INTO produto VALUES (679900001, 561420001, 25, 'TESTE 32', 'TESTE 32', 7);
INSERT INTO produto VALUES (805640001, 561420001, 148, 'TTT', 'TTT', 8);
INSERT INTO produto VALUES (548610001, 561420001, 11, 'DAKTAZOL 20MG/ML LOCAO C/30 ML', 'DAKTAZOL 20MG/ML LOC', 27);
INSERT INTO produto VALUES (753470001, 561420001, 140, 'MELZ.PURO ', 'MELZ.PURO ', 22);
INSERT INTO produto VALUES (548940001, 561420001, 18, 'ZOTAC 70MG C/14 CAPS', 'ZOTAC 70MG C/14 CAPS', 30);
INSERT INTO produto VALUES (548460001, 561420001, 8, 'NEOLEFRIN BABY SOLUCAO C/15ML', 'NEOLEFRIN BABY SOLUC', 56);
INSERT INTO produto VALUES (749640001, 561420001, 136, 'OLEO DE AMENDOA', 'OLEO DE AMENDOA', 32);
INSERT INTO produto VALUES (734160001, 561420001, 111, 'PROTETOR DE CERDAS HILLO', 'PROTETOR DE CERDAS ', 21);
INSERT INTO produto VALUES (712540001, NULL, 54, 'S', 'S', 16);
INSERT INTO produto VALUES (706540001, 561420001, 42, 'CLORID SERTRALINA 50MG ', 'CLORID SERTRALINA 50', 24);
INSERT INTO produto VALUES (753520001, 561420001, 141, 'SPRAY GENGIBRE', 'SPRAY GENGIBRE', 36);
INSERT INTO produto VALUES (688430001, 561420001, 28, 'TESTEEEEEE', '123', 21);
INSERT INTO produto VALUES (548840001, 561420001, 16, 'VENAFLON 500MG C/30 COMP', 'VENAFLON 500MG C/30 ', 25);
INSERT INTO produto VALUES (729140001, 561420001, 56, 'ASDSAS', 'ASDSAS', 8);
INSERT INTO produto VALUES (706690001, 561420001, 45, 'FLUIMARE HIPERTONICO ', 'FLUIMARE HIPERTONICO', 25);
INSERT INTO produto VALUES (548890001, 561420001, 17, 'NEO MISTATIN SUSP PRAL C/50ML', 'NEO MISTATIN SUSP PR', 29);
INSERT INTO produto VALUES (685400001, 561420001, 27, 'PRODUTO FARMACIA POPULAR', 'PRODUTO FP', 74);
INSERT INTO produto VALUES (833430001, 819630001, 598, 'ACECLOFENACO', 'ACECLOFENACO', 14);
INSERT INTO produto VALUES (830370001, 819260001, 496, 'ACECLOFENACO', 'ACECLOFENACO', 14);
INSERT INTO produto VALUES (823350001, 819110001, 262, 'ACICLOVIR', 'ACICLOVIR', 14);
INSERT INTO produto VALUES (820560001, 819200001, 169, 'AD-TIL', 'AD-TIL', 14);
INSERT INTO produto VALUES (820470001, 819200001, 166, 'ALEKTOS', 'ALEKTOS', 14);
INSERT INTO produto VALUES (834240001, 819200001, 625, 'ALEKTOS', 'ALEKTOS', 14);
INSERT INTO produto VALUES (828360001, 819080001, 429, 'ALENIA', 'ALENIA', 14);
INSERT INTO produto VALUES (827190001, 819800001, 390, 'ALFAEPOETINA HUMANA RECOMBINANTE', 'ALFAEPOETINA HUMANA', 14);
INSERT INTO produto VALUES (828930001, 819800001, 448, 'ALFAEPOETINA HUMANA RECOMBINANTE', 'ALFAEPOETINA HUMANA', 14);
INSERT INTO produto VALUES (830730001, 819800001, 508, 'ALFAEPOETINA HUMANA RECOMBINANTE', 'ALFAEPOETINA HUMANA', 14);
INSERT INTO produto VALUES (561600001, 561420001, 22, 'ALGODAO TOPZ ', 'ALGODAO TOPZ ', 32);
INSERT INTO produto VALUES (828270001, 819860001, 426, 'ALIVIADOR', 'ALIVIADOR', 14);
INSERT INTO produto VALUES (831840001, 819860001, 545, 'ALIVIADOR', 'ALIVIADOR', 14);
INSERT INTO produto VALUES (825480001, 819170001, 333, 'ALKERAN', 'ALKERAN', 14);
INSERT INTO produto VALUES (825810001, 819170001, 344, 'ALKERAN', 'ALKERAN', 14);
INSERT INTO produto VALUES (706590001, 561420001, 43, 'CLORID SOTALOL 160MG ', 'CLORID SOTALOL 160MG', 24);
INSERT INTO produto VALUES (828120001, 819170001, 421, 'ALTARGO', 'ALTARGO', 14);
INSERT INTO produto VALUES (830070001, 819910001, 486, 'AMBISOME', 'AMBISOME', 14);
INSERT INTO produto VALUES (828330001, 819090001, 428, 'AMOXINA', 'AMOXINA', 14);
INSERT INTO produto VALUES (828840001, 819090001, 445, 'AMOXINA', 'AMOXINA', 14);
INSERT INTO produto VALUES (828630001, 819740001, 438, 'AMPICILAB', 'AMPICILAB', 14);
INSERT INTO produto VALUES (815790001, 814860001, 153, 'ANADOR', 'ANADOR', 16);
INSERT INTO produto VALUES (822060001, 819490001, 219, 'ANADOR', 'ANADOR', 14);
INSERT INTO produto VALUES (729770001, 561420001, 58, 'ANGELIQ CPR REV 1X28ETICO', 'ANGELIQ CPR REV 1X2S', 32);
INSERT INTO produto VALUES (822840001, 819170001, 245, 'ANTAK', 'ANTAK', 14);
INSERT INTO produto VALUES (823080001, 819170001, 253, 'ANTAK', 'ANTAK', 14);
INSERT INTO produto VALUES (823770001, 819170001, 276, 'ANTAK', 'ANTAK', 14);
INSERT INTO produto VALUES (824370001, 819170001, 296, 'ANTAK', 'ANTAK', 14);
INSERT INTO produto VALUES (826830001, 819170001, 378, 'ANTAK', 'ANTAK', 14);
INSERT INTO produto VALUES (827040001, 819790001, 385, 'ANTIMAIS+SEPTICO', 'ANTIMAIS+SEPTICO', 14);
INSERT INTO produto VALUES (824010001, 819500001, 284, 'ANTIVIRAX', 'ANTIVIRAX', 14);
INSERT INTO produto VALUES (824550001, 819130001, 302, 'ARACOR A', 'ARACOR A', 14);
INSERT INTO produto VALUES (826170001, 819130001, 356, 'ARACOR HCT', 'ARACOR HCT', 14);
INSERT INTO produto VALUES (829320001, 819130001, 461, 'ARACOR HCT', 'ARACOR HCT', 14);
INSERT INTO produto VALUES (830310001, 819130001, 494, 'ARACOR HCT', 'ARACOR HCT', 14);
INSERT INTO produto VALUES (831180001, 819130001, 523, 'ARACOR HCT', 'ARACOR HCT', 14);
INSERT INTO produto VALUES (828600001, 819700001, 437, 'ARIMIDEX', 'ARIMIDEX', 14);
INSERT INTO produto VALUES (700360001, 561420001, 31, 'ASASSS', 'ASASS', 23);
INSERT INTO produto VALUES (825870001, 819740001, 346, 'ATENOLAB', 'ATENOLAB', 14);
INSERT INTO produto VALUES (825090001, 819260001, 320, 'ATENOLOL', 'ATENOLOL', 14);
INSERT INTO produto VALUES (823410001, 819090001, 264, 'ATENOPRESS', 'ATENOPRESS', 14);
INSERT INTO produto VALUES (832770001, 819110001, 576, 'ATORVASTEROL', 'ATORVASTEROL', 14);
INSERT INTO produto VALUES (730120001, 561420001, 65, 'ATURGYL ADL GTS 15MLETICO ', 'ATURGYL ADL S', 28);
INSERT INTO produto VALUES (821520001, 819410001, 201, 'AVAL', 'AVAL', 14);
INSERT INTO produto VALUES (822450001, 819410001, 232, 'AVAL', 'AVAL', 14);
INSERT INTO produto VALUES (822600001, 819410001, 237, 'AVAL', 'AVAL', 14);
INSERT INTO produto VALUES (824640001, 819690001, 305, 'AXERON', 'AXERON', 14);
INSERT INTO produto VALUES (829410001, 819740001, 464, 'AZITROLAB', 'AZITROLAB', 14);
INSERT INTO produto VALUES (829800001, 819740001, 477, 'AZITROLAB', 'AZITROLAB', 14);
INSERT INTO produto VALUES (827940001, 819710001, 415, 'AZITROMICINA', 'AZITROMICINA', 14);
INSERT INTO produto VALUES (828660001, 819710001, 439, 'AZITROMICINA', 'AZITROMICINA', 14);
INSERT INTO produto VALUES (730170001, 561420001, 66, 'AZUKON MR 30MG CPR 1X30ETICO', 'AZUKON MR 30MG CPR W', 21);
INSERT INTO produto VALUES (824580001, 819590001, 303, 'B-VIT', 'B-VIT', 14);
INSERT INTO produto VALUES (824070001, 819150001, 286, 'BARIOGEL', 'BARIOGEL', 14);
INSERT INTO produto VALUES (824400001, 819150001, 297, 'BARIOGEL', 'BARIOGEL', 14);
INSERT INTO produto VALUES (835500001, 819480001, 667, 'BENATUX', 'BENATUX', 14);
INSERT INTO produto VALUES (822180001, 819510001, 223, 'BENICAR HCT', 'BENICAR HCT', 14);
INSERT INTO produto VALUES (822870001, 819510001, 246, 'BENICAR HCT', 'BENICAR HCT', 14);
INSERT INTO produto VALUES (823800001, 819510001, 277, 'BENICAR HCT', 'BENICAR HCT', 14);
INSERT INTO produto VALUES (829890001, 819190001, 480, 'BENOFLEX P', 'BENOFLEX P', 14);
INSERT INTO produto VALUES (834930001, 819120001, 648, 'BENZIN', 'BENZIN', 14);
INSERT INTO produto VALUES (820170001, 819100001, 156, 'BEPANTOL', 'BEPANTOL', 14);
INSERT INTO produto VALUES (732370001, 561420001, 90, 'BEPANTOL DER', 'BEPANTOL DERMA SOL ', 26);
INSERT INTO produto VALUES (832620001, 819100001, 571, 'BEROCCAL', 'BEROCCAL', 14);
INSERT INTO produto VALUES (827850001, 819710001, 412, 'BESILATO DE ANLODIPINA', 'BESILATO DE ANLODIP', 14);
INSERT INTO produto VALUES (827340001, 819150001, 395, 'BESILATO DE ANLODIPINO', 'BESILATO DE ANLODIP', 14);
INSERT INTO produto VALUES (832050001, 819930001, 552, 'BETABRONZE', 'BETABRONZE', 14);
INSERT INTO produto VALUES (831270001, 819970001, 526, 'BIOFLEX', 'BIOFLEX', 15);
INSERT INTO produto VALUES (834180001, 819970001, 623, 'BIOFLEX', 'BIOFLEX', 15);
INSERT INTO produto VALUES (828420001, 819870001, 431, 'BIOTRUE', 'BIOTRUE', 14);
INSERT INTO produto VALUES (828960001, 819870001, 449, 'BIOTRUE', 'BIOTRUE', 14);
INSERT INTO produto VALUES (753370001, 561420001, 138, 'BISNAGA MEL', 'BISNAGA MELA', 27);
INSERT INTO produto VALUES (832950001, 819080001, 582, 'BONAR', 'BONAR', 14);
INSERT INTO produto VALUES (833070001, 819990001, 586, 'BREFUS', 'BREFUS', 14);
INSERT INTO produto VALUES (833580001, 819110001, 603, 'BROMAZEPAM', 'BROMAZEPAM', 14);
INSERT INTO produto VALUES (706230001, 561420001, 36, 'BROMAZEPAN 6MG', 'BROMAZEPAN 6MGA', 26);
INSERT INTO produto VALUES (824280001, 819630001, 293, 'BROMIDRATO DE CITALOPRAM', 'BROMIDRATO DE CITAL', 14);
INSERT INTO produto VALUES (825570001, 819290001, 336, 'BROMOPRIDA', 'BROMOPRIDA', 14);
INSERT INTO produto VALUES (826470001, 819290001, 366, 'BROMOPRIDA', 'BROMOPRIDA', 14);
INSERT INTO produto VALUES (730220001, 561420001, 67, 'BUCLINA CPR ', 'BUCLINA CPR 1X20ETI', 19);
INSERT INTO produto VALUES (548790001, NULL, 15, 'BUPROVIL 600MG C/30 COMP', 'BUPROVIL 600MG C/30 ', 28);
INSERT INTO produto VALUES (732420001, 561420001, 91, 'BUSCOFEM 400MG CPS 1X10OUTROS', 'BUSCOFEM 400MG CPS A', 26);
INSERT INTO produto VALUES (730320001, 561420001, 69, 'BUSCOPAN CPT CPR REV 1X20OUTROS', 'BUSCOPAN CPT CPRA', 19);
INSERT INTO produto VALUES (730370001, 561420001, 70, 'BUSCOPAN CPT GTS 20MLOUTROS', 'BUSCOPAN CPT GTS 20A', 20);
INSERT INTO produto VALUES (823560001, 819080001, 269, 'BUSONID', 'BUSONID', 14);
INSERT INTO produto VALUES (730420001, 561420001, 71, 'BUTAZONA CALCICA 200MG CPR 1X10ETICO', 'BUTAZONA CALCICA 20A', 19);
INSERT INTO produto VALUES (835020001, 820090001, 651, 'CALMINEX', 'CALMINEX', 14);
INSERT INTO produto VALUES (829710001, 819900001, 474, 'CALTRATE DAILY', 'CALTRATE DAILY', 14);
INSERT INTO produto VALUES (830400001, 819900001, 497, 'CALTRATE DAILY', 'CALTRATE DAILY', 14);
INSERT INTO produto VALUES (821760001, 819450001, 209, 'CANCIDAS', 'CANCIDAS', 14);
INSERT INTO produto VALUES (822720001, 819450001, 241, 'CANCIDAS', 'CANCIDAS', 14);
INSERT INTO produto VALUES (823200001, 819090001, 257, 'CANDESARTANA +HCT', 'CANDESARTANA +HCT', 14);
INSERT INTO produto VALUES (820320001, 819150001, 161, 'CAPTOPRIL', 'CAPTOPRIL', 14);
INSERT INTO produto VALUES (827400001, 819260001, 397, 'CAPTOPRIL', 'CAPTOPRIL', 14);
INSERT INTO produto VALUES (834540001, 819110001, 635, 'CAPTOPRIL', 'CAPTOPRIL', 14);
INSERT INTO produto VALUES (825690001, 819090001, 340, 'CAPTOTEC', 'CAPTOTEC', 14);
INSERT INTO produto VALUES (824880001, 819710001, 313, 'CARBIDOL', 'CARBIDOL', 14);
INSERT INTO produto VALUES (835530001, 819970001, 668, 'CARBOCISTEINA', 'CARBOCISTEINA', 14);
INSERT INTO produto VALUES (827310001, 819740001, 394, 'CARDIX', 'CARDIX', 14);
INSERT INTO produto VALUES (832590001, 819130001, 570, 'CARVEDILOL', 'CARVEDILOL', 14);
INSERT INTO produto VALUES (835050001, 819130001, 652, 'CARVEDILOL', 'CARVEDILOL', 14);
INSERT INTO produto VALUES (835380001, 819130001, 663, 'CARVEDILOL', 'CARVEDILOL', 14);
INSERT INTO produto VALUES (730470001, 561420001, 72, 'CATAFLAM EMULGEL 60GOUTROS', 'CATAFLAM EMULGEL 60A', 18);
INSERT INTO produto VALUES (822030001, 819260001, 218, 'CEFADROXIL', 'CEFADROXIL', 14);
INSERT INTO produto VALUES (820290001, 819140001, 160, 'CEFALEXINA', 'CEFALEXINA', 14);
INSERT INTO produto VALUES (820350001, 819160001, 162, 'CEFALEXINA', 'CEFALEXINA', 14);
INSERT INTO produto VALUES (833190001, 819140001, 590, 'CEFALEXINA', 'CEFALEXINA', 14);
INSERT INTO produto VALUES (732470001, 561420001, 92, 'CEFALEXINA 500MG CPR 1X10 RANBGENERICO', 'CEFALEXINA 500MG CPA', 25);
INSERT INTO produto VALUES (832170001, 820000001, 556, 'CELEMIN NEPHRO', 'CELEMIN NEPHRO', 14);
INSERT INTO produto VALUES (820530001, 819170001, 168, 'CELSENTRI', 'CELSENTRI', 14);
INSERT INTO produto VALUES (828240001, 819260001, 425, 'CETOCONAZOL', 'CETOCONAZOL', 14);
INSERT INTO produto VALUES (829680001, 819260001, 473, 'CETOCONAZOL', 'CETOCONAZOL', 14);
INSERT INTO produto VALUES (833940001, 819160001, 615, 'CETOCONAZOL', 'CETOCONAZOL', 14);
INSERT INTO produto VALUES (829080001, 819710001, 453, 'CETOCONAZOL+DIP BETAMETASONA+SULF NEOMICINA', 'CETOCONAZOL+DIP BET', 14);
INSERT INTO produto VALUES (829440001, 819710001, 465, 'CETOCONAZOL+DIP BETAMETASONA+SULF NEOMICINA', 'CETOCONAZOL+DIP BET', 14);
INSERT INTO produto VALUES (823470001, 819260001, 266, 'CETOPROFENO', 'CETOPROFENO', 14);
INSERT INTO produto VALUES (824940001, 819530001, 315, 'CIFLOGEX', 'CIFLOGEX', 14);
INSERT INTO produto VALUES (820770001, 819280001, 176, 'CIPIDE', 'CIPIDE', 14);
INSERT INTO produto VALUES (834270001, 819810001, 626, 'CISTEIL', 'CISTEIL', 14);
INSERT INTO produto VALUES (835140001, 819810001, 655, 'CISTEIL', 'CISTEIL', 14);
INSERT INTO produto VALUES (823620001, 819110001, 271, 'CITRATO DE SILDENAFILA', 'CITRATO DE SILDENAF', 14);
INSERT INTO produto VALUES (826440001, 819770001, 365, 'CITROBION', 'CITROBION', 14);
INSERT INTO produto VALUES (834450001, 819140001, 632, 'CLARITROMICINA', 'CLARITROMICINA', 14);
INSERT INTO produto VALUES (827790001, 819180001, 410, 'CLINFAR', 'CLINFAR', 14);
INSERT INTO produto VALUES (831240001, 819180001, 525, 'CLINFAR', 'CLINFAR', 14);
INSERT INTO produto VALUES (831630001, 819180001, 538, 'CLINFAR', 'CLINFAR', 14);
INSERT INTO produto VALUES (826230001, 819710001, 358, 'CLONAZEPAM', 'CLONAZEPAM', 14);
INSERT INTO produto VALUES (706390001, 819370001, 39, 'CLONAZEPAM', 'CLONAZEPAM', 26);
INSERT INTO produto VALUES (706440001, 561420001, 40, 'CLONAZEPAN 2,5MG ', 'CLONAZEPAN 2,5MG ', 23);
INSERT INTO produto VALUES (706490001, 561420001, 41, 'CLORID NORTRIP 25MG CPS ', 'CLORID NORTRIP 25MG ', 25);
INSERT INTO produto VALUES (820800001, 819290001, 177, 'CLORIDRATO DE AMBROXOL', 'CLORIDRATO DE AMBRO', 14);
INSERT INTO produto VALUES (821280001, 819290001, 193, 'CLORIDRATO DE AMBROXOL', 'CLORIDRATO DE AMBRO', 14);
INSERT INTO produto VALUES (820980001, 819120001, 183, 'CLORIDRATO DE BROMEXINA', 'CLORIDRATO DE BROME', 14);
INSERT INTO produto VALUES (826560001, 819370001, 369, 'CLORIDRATO DE CICLOBENZAPRINA', 'CLORIDRATO DE CICLO', 14);
INSERT INTO produto VALUES (820140001, 819090001, 155, 'CLORIDRATO DE CIPROFLOXACINO', 'CLORIDRATO DE CIPRO', 14);
INSERT INTO produto VALUES (820200001, 819110001, 157, 'CLORIDRATO DE CIPROFLOXACINO', 'CLORIDRATO DE CIPRO', 14);
INSERT INTO produto VALUES (830640001, 819120001, 505, 'CLORIDRATO DE DOXICICLINA', 'CLORIDRATO DE DOXIC', 14);
INSERT INTO produto VALUES (828090001, 819370001, 420, 'CLORIDRATO DE GENCITABINA', 'CLORIDRATO DE GENCI', 14);
INSERT INTO produto VALUES (828750001, 819370001, 442, 'CLORIDRATO DE GENCITABINA', 'CLORIDRATO DE GENCI', 14);
INSERT INTO produto VALUES (831690001, 819120001, 540, 'CLORIDRATO DE HIDROXIZINA', 'CLORIDRATO DE HIDRO', 14);
INSERT INTO produto VALUES (833160001, 819710001, 589, 'CLORIDRATO DE MEMANTINA', 'CLORIDRATO DE MEMAN', 14);
INSERT INTO produto VALUES (830790001, 819290001, 510, 'CLORIDRATO DE PROPRANOLOL', 'CLORIDRATO DE PROPR', 14);
INSERT INTO produto VALUES (831150001, 819290001, 522, 'CLORIDRATO DE PROPRANOLOL', 'CLORIDRATO DE PROPR', 14);
INSERT INTO produto VALUES (832350001, 819630001, 562, 'CLORIDRATO DE RANITIDINA', 'CLORIDRATO DE RANIT', 14);
INSERT INTO produto VALUES (832740001, 819260001, 575, 'CLORIDRATO DE RANITIDINA', 'CLORIDRATO DE RANIT', 14);
INSERT INTO produto VALUES (827250001, 819810001, 392, 'CLORIDRATO DE TANSULOSINA', 'CLORIDRATO DE TANSU', 14);
INSERT INTO produto VALUES (833340001, 819110001, 595, 'CLORIDRATO DE TERBINAFINA', 'CLORIDRATO DE TERBI', 14);
INSERT INTO produto VALUES (829980001, 819260001, 483, 'CLORIDRATO DE VENLAFAXINA', 'CLORIDRATO DE VENLA', 14);
INSERT INTO produto VALUES (829260001, 819480001, 459, 'CLORIZIN', 'CLORIZIN', 14);
INSERT INTO produto VALUES (826380001, 819590001, 363, 'CLOVIR', 'CLOVIR', 14);
INSERT INTO produto VALUES (827820001, 819110001, 411, 'CODERGINE', 'CODERGINE', 14);
INSERT INTO produto VALUES (706640001, 819190001, 44, 'COLIRIO MOURA BRASIL', 'COLIRIO MOURA BRASIL', 33);
INSERT INTO produto VALUES (831750001, 819170001, 542, 'COMBODART', 'COMBODART', 14);
INSERT INTO produto VALUES (831540001, 819480001, 535, 'COMPLEXO OMEGA AZ', 'COMPLEXO OMEGA AZ', 14);
INSERT INTO produto VALUES (734360001, 561420001, 115, 'CONDUTOR DENTAL', 'CONDUTOR DENTAL', 21);
INSERT INTO produto VALUES (826980001, 819090001, 383, 'COR MIO', 'COR MIO', 14);
INSERT INTO produto VALUES (820110001, 819080001, 154, 'CORDAREX', 'CORDAREX', 14);
INSERT INTO produto VALUES (827670001, 819450001, 406, 'COZAAR', 'COZAAR', 14);
INSERT INTO produto VALUES (826890001, 819150001, 380, 'CRISPRED', 'CRISPRED', 14);
INSERT INTO produto VALUES (830190001, 819110001, 490, 'CROMOGLICATO DISSODICO', 'CROMOGLICATO DISSOD', 14);
INSERT INTO produto VALUES (737150001, 561420001, 124, 'D1', 'D1SS', 23);
INSERT INTO produto VALUES (822210001, 819520001, 224, 'DACARBAZINA', 'DACARBAZINA', 14);
INSERT INTO produto VALUES (824790001, 819520001, 310, 'DACARBAZINA', 'DACARBAZINA', 14);
INSERT INTO produto VALUES (825240001, 819520001, 325, 'DACARBAZINA', 'DACARBAZINA', 14);
INSERT INTO produto VALUES (825390001, 819730001, 330, 'DAKTARIN', 'DAKTARIN', 14);
INSERT INTO produto VALUES (825510001, 819170001, 334, 'DANPEZIL', 'DANPEZIL', 14);
INSERT INTO produto VALUES (826680001, 819170001, 373, 'DANPEZIL', 'DANPEZIL', 14);
INSERT INTO produto VALUES (821640001, 819430001, 205, 'DERMAZELAIC', 'DERMAZELAIC', 14);
INSERT INTO produto VALUES (824520001, 819310001, 301, 'DETRUSITOL LA', 'DETRUSITOL LA', 14);
INSERT INTO produto VALUES (831570001, 819370001, 536, 'DEXALGEN', 'DEXALGEN', 14);
INSERT INTO produto VALUES (835410001, 819260001, 664, 'DEXAMETASONA', 'DEXAMETASONA', 14);
INSERT INTO produto VALUES (834420001, 819970001, 631, 'DEXANOM', 'DEXANOM', 14);
INSERT INTO produto VALUES (671570001, 561420001, 24, 'DGDGDSG', 'DSFDFDSFDSF', 154);
INSERT INTO produto VALUES (822270001, 819530001, 226, 'DIAD', 'DIAD', 14);
INSERT INTO produto VALUES (830220001, 819920001, 491, 'DIAZEPAM', 'DIAZEPAM', 14);
INSERT INTO produto VALUES (822090001, 819500001, 220, 'DIAZOL', 'DIAZOL', 14);
INSERT INTO produto VALUES (822390001, 819500001, 230, 'DIAZOL', 'DIAZOL', 14);
INSERT INTO produto VALUES (832020001, 819180001, 551, 'DICLIN', 'DICLIN', 14);
INSERT INTO produto VALUES (829500001, 819710001, 467, 'DICLOFENACO DE DIETILANOMIO', 'DICLOFENACO DE DIET', 14);
INSERT INTO produto VALUES (827700001, 819830001, 407, 'DICLOFENACO POTASSICO', 'DICLOFENACO POTASSI', 14);
INSERT INTO produto VALUES (825930001, 819290001, 348, 'DICLOFENACO SODICO', 'DICLOFENACO SODICO', 14);
INSERT INTO produto VALUES (830430001, 819290001, 498, 'DICLOFENACO SODICO', 'DICLOFENACO SODICO', 14);
INSERT INTO produto VALUES (833400001, 819290001, 597, 'DICLOFENACO SODICO', 'DICLOFENACO SODICO', 14);
INSERT INTO produto VALUES (829530001, 819080001, 468, 'DICLORIDRATO DE BETAISTINA', 'DICLORIDRATO DE BET', 14);
INSERT INTO produto VALUES (822510001, 819280001, 234, 'DICLORIDRATO DE PRAMIPEXOL', 'DICLORIDRATO DE PRA', 14);
INSERT INTO produto VALUES (827130001, 819280001, 388, 'DICLORIDRATO DE PRAMIPEXOL', 'DICLORIDRATO DE PRA', 14);
INSERT INTO produto VALUES (830010001, 819700001, 484, 'DIPRIVAN', 'DIPRIVAN', 14);
INSERT INTO produto VALUES (548560001, 561420001, 10, 'DIGESTIL SOL. ORAL C/20 ML', 'DIGESTIL SOL. ORAL C', 22);
INSERT INTO produto VALUES (823980001, 819170001, 283, 'DIGOXINA', 'DIGOXINA', 14);
INSERT INTO produto VALUES (832530001, 819900001, 568, 'DIMETAPP', 'DIMETAPP', 14);
INSERT INTO produto VALUES (821100001, 819160001, 187, 'DIMETICONA+METILBROMETO DE HOMATROPINA', 'DIMETICONA+METILBRO', 14);
INSERT INTO produto VALUES (730520001, 561420001, 73, 'DIMINUT CPR REV 1X21ETICO', 'DIMINUT CPR REV 1X2', 17);
INSERT INTO produto VALUES (826950001, 819220001, 382, 'DIOVAN', 'DIOVAN', 14);
INSERT INTO produto VALUES (827460001, 819220001, 399, 'DIOVAN', 'DIOVAN', 14);
INSERT INTO produto VALUES (561430001, 561420001, 21, 'DIPIMED', 'DIPIMED', 24);
INSERT INTO produto VALUES (829350001, 819110001, 462, 'DIPIRONA SODICA', 'DIPIRONA SODICA', 14);
INSERT INTO produto VALUES (823680001, 819600001, 273, 'DIPRO AS', 'DIPRO AS', 14);
INSERT INTO produto VALUES (824310001, 819640001, 294, 'DIPRONIL', 'DIPRONIL', 14);
INSERT INTO produto VALUES (730570001, 561420001, 74, 'DIUPRESS 25MG CPR 1X20ETICO', 'DIUPRESS 25MG CPR 1', 17);
INSERT INTO produto VALUES (823530001, 819590001, 268, 'DIUREZIN', 'DIUREZIN', 14);
INSERT INTO produto VALUES (825060001, 819720001, 319, 'DORMONID', 'DORMONID', 14);
INSERT INTO produto VALUES (832290001, 819200001, 560, 'DRAMIN B10', 'DRAMIN B10', 14);
INSERT INTO produto VALUES (732520001, 561420001, 93, 'DRAMIN B6 CPR 1X30ETICO', 'DRAMIN B6 CPR 1X30E', 23);
INSERT INTO produto VALUES (829830001, 819810001, 478, 'DROTIZIN', 'DROTIZIN', 14);
INSERT INTO produto VALUES (823920001, 819620001, 281, 'DRYLTAC', 'DRYLTAC', 14);
INSERT INTO produto VALUES (824340001, 819620001, 295, 'DRYLTAC', 'DRYLTAC', 14);
INSERT INTO produto VALUES (827370001, 819620001, 396, 'DRYLTAC', 'DRYLTAC', 14);
INSERT INTO produto VALUES (833850001, 819860001, 612, 'DYSPNE-INHAL', 'DYSPNE-INHAL', 14);
INSERT INTO produto VALUES (825900001, 819370001, 347, 'EBASTEL', 'EBASTEL', 14);
INSERT INTO produto VALUES (821400001, 819380001, 197, 'EBIX', 'EBIX', 14);
INSERT INTO produto VALUES (749540001, 561420001, 134, 'ENALAPRIL', 'ENALAPRIL', 32);
INSERT INTO produto VALUES (833640001, 820050001, 605, 'ENDURA', 'ENDURA', 14);
INSERT INTO produto VALUES (730620001, 561420001, 75, 'EPAREMA DRG 1X20OUTROS', 'EPAREMA DRG 1X20OUT', 18);
INSERT INTO produto VALUES (830880001, 819730001, 513, 'EPREX', 'EPREX', 14);
INSERT INTO produto VALUES (730670001, 561420001, 76, 'FURACIN POM 30GETICO', 'FURACIN POM 30GETICO', 17);
INSERT INTO produto VALUES (824490001, 819670001, 300, 'EQUIPO PATROL', 'EQUIPO PATROL', 14);
INSERT INTO produto VALUES (822690001, 819570001, 240, 'ERANZ', 'ERANZ', 14);
INSERT INTO produto VALUES (823380001, 819570001, 263, 'ERANZ', 'ERANZ', 14);
INSERT INTO produto VALUES (820410001, 819180001, 164, 'ERBITUX', 'ERBITUX', 14);
INSERT INTO produto VALUES (820680001, 819180001, 173, 'ERBITUX', 'ERBITUX', 14);
INSERT INTO produto VALUES (822630001, 819560001, 238, 'ESOGASTRO IBP', 'ESOGASTRO IBP', 14);
INSERT INTO produto VALUES (732570001, 561420001, 94, 'ESPIRONOLACTONA 25MG CPR 1X30 EURGENERICO', 'ESPIRONOLACTONA 25M', 25);
INSERT INTO produto VALUES (820500001, 819220001, 167, 'EXELON', 'EXELON', 14);
INSERT INTO produto VALUES (820860001, 819220001, 179, 'EXELON', 'EXELON', 14);
INSERT INTO produto VALUES (821340001, 819220001, 195, 'EXELON', 'EXELON', 14);
INSERT INTO produto VALUES (821790001, 819220001, 210, 'EXELON', 'EXELON', 14);
INSERT INTO produto VALUES (825540001, 819220001, 335, 'EXELON', 'EXELON', 14);
INSERT INTO produto VALUES (826050001, 819220001, 352, 'EXELON', 'EXELON', 14);
INSERT INTO produto VALUES (829650001, 819280001, 472, 'EXODUS', 'EXODUS', 14);
INSERT INTO produto VALUES (831810001, 819280001, 544, 'EXODUS', 'EXODUS', 14);
INSERT INTO produto VALUES (734110001, 561420001, 110, 'EXTRATOR DE PIOLHOS LENDEAS', 'EXTRATOR DE PIOLHOS', 21);
INSERT INTO produto VALUES (833040001, 820040001, 585, 'FAMPYRA', 'FAMPYRA', 14);
INSERT INTO produto VALUES (694530001, 561420001, 29, 'FDFDFF', 'DSFDSFSDF', 24);
INSERT INTO produto VALUES (732620001, 561420001, 95, 'FEMINA 150MCG CPR REV 1X63ETICO', 'FEMINA 150MCG CPR R', 24);
INSERT INTO produto VALUES (832080001, 819780001, 553, 'FERANE 35', 'FERANE 35', 14);
INSERT INTO produto VALUES (832140001, 819770001, 555, 'FIBRAMULCIL', 'FIBRAMULCIL', 14);
INSERT INTO produto VALUES (832440001, 819770001, 565, 'FIBRAMULCIL', 'FIBRAMULCIL', 14);
INSERT INTO produto VALUES (734260001, 561420001, 113, 'FIO DENTAL HILLO EXTRA FINO', 'FIO DENTAL HILLO EX', 21);
INSERT INTO produto VALUES (734210001, 561420001, 112, 'FIO DENTAL HILLO TRADICIONAL', 'FIO DENTAL HILLO TR', 23);
INSERT INTO produto VALUES (828150001, 819280001, 422, 'FLAGASS', 'FLAGASS', 14);
INSERT INTO produto VALUES (829200001, 819280001, 457, 'FLAGASS', 'FLAGASS', 14);
INSERT INTO produto VALUES (732670001, 561420001, 96, 'FLAGASS 75MG/ML GTS 10MLOUTROS', 'FLAGASS 75MG/ML GTS', 23);
INSERT INTO produto VALUES (820230001, 819120001, 158, 'FLAMACORTEN', 'FLAMACORTEN', 14);
INSERT INTO produto VALUES (821550001, 819120001, 202, 'FLAMACORTEN', 'FLAMACORTEN', 14);
INSERT INTO produto VALUES (833700001, 819100001, 607, 'FLANAX', 'FLANAX', 14);
INSERT INTO produto VALUES (820620001, 819250001, 171, 'FLENUS', 'FLENUS', 14);
INSERT INTO produto VALUES (827100001, 819250001, 387, 'FLENUS', 'FLENUS', 14);
INSERT INTO produto VALUES (832380001, 819280001, 563, 'FLOGORAL', 'FLOGORAL', 14);
INSERT INTO produto VALUES (824460001, 819660001, 299, 'FLOGOSEPT', 'FLOGOSEPT', 14);
INSERT INTO produto VALUES (824850001, 819660001, 312, 'FLOGOSEPT', 'FLOGOSEPT', 14);
INSERT INTO produto VALUES (826350001, 819090001, 362, 'FLOX', 'FLOX', 14);
INSERT INTO produto VALUES (826620001, 819180001, 371, 'FLOXOCIP', 'FLOXOCIP', 14);
INSERT INTO produto VALUES (828900001, 819180001, 447, 'FLOXOCIP', 'FLOXOCIP', 14);
INSERT INTO produto VALUES (826110001, 819150001, 354, 'FLUCAZOL', 'FLUCAZOL', 14);
INSERT INTO produto VALUES (826800001, 819260001, 377, 'FLUCONAZOL', 'FLUCONAZOL', 14);
INSERT INTO produto VALUES (834030001, 819090001, 618, 'FLUCONAZOL', 'FLUCONAZOL', 14);
INSERT INTO produto VALUES (834510001, 819090001, 634, 'FLUCONAZOL', 'FLUCONAZOL', 14);
INSERT INTO produto VALUES (831300001, 819980001, 527, 'FLUIMUCIL', 'FLUIMUCIL', 14);
INSERT INTO produto VALUES (706740001, 561420001, 46, 'FLUTINOL SUSP OFTAL ', 'FLUTINOL SUSP OFTAL ', 17);
INSERT INTO produto VALUES (829110001, 819410001, 454, 'FLUXENE', 'FLUXENE', 14);
INSERT INTO produto VALUES (548310001, 561420001, 5, 'FLUXON 25MG C/30 COMP', 'FLUXON 25MG C/30 COM', 226);
INSERT INTO produto VALUES (825840001, 819250001, 345, 'FOLACIN', 'FOLACIN', 14);
INSERT INTO produto VALUES (829020001, 819820001, 451, 'FONTI B1', 'FONTI B1', 14);
INSERT INTO produto VALUES (834870001, 819970001, 646, 'FONTOL', 'FONTOL', 14);
INSERT INTO produto VALUES (822780001, 819220001, 243, 'FORADIL', 'FORADIL', 14);
INSERT INTO produto VALUES (729820001, 561420001, 59, 'FORMOCAPS 12MCG CPS 1X30 S/INALETICO', 'FORMOCAPS 12MCG CPS', 17);
INSERT INTO produto VALUES (821880001, 819350001, 213, 'FRESH CLEAR', 'FRESH CLEAR', 14);
INSERT INTO produto VALUES (820830001, 819310001, 178, 'FRONTAL', 'FRONTAL', 14);
INSERT INTO produto VALUES (823170001, 819310001, 256, 'FRONTAL', 'FRONTAL', 14);
INSERT INTO produto VALUES (831960001, 819310001, 549, 'FRONTAL XR', 'FRONTAL XR', 14);
INSERT INTO produto VALUES (832680001, 819310001, 573, 'FRONTAL XR', 'FRONTAL XR', 14);
INSERT INTO produto VALUES (830460001, 819170001, 499, 'FUMARATO DE QUETIAPINA', 'FUMARATO DE QUETIAP', 14);
INSERT INTO produto VALUES (832980001, 819170001, 583, 'FUMARATO DE QUETIAPINA', 'FUMARATO DE QUETIAP', 14);
INSERT INTO produto VALUES (820710001, 819260001, 174, 'GABAPENTINA', 'GABAPENTINA', 14);
INSERT INTO produto VALUES (821460001, 819260001, 199, 'GABAPENTINA', 'GABAPENTINA', 14);
INSERT INTO produto VALUES (826290001, 819630001, 360, 'GABAPENTINA', 'GABAPENTINA', 14);
INSERT INTO produto VALUES (827010001, 819630001, 384, 'GABAPENTINA', 'GABAPENTINA', 14);
INSERT INTO produto VALUES (827070001, 819630001, 386, 'GABAPENTINA', 'GABAPENTINA', 14);
INSERT INTO produto VALUES (829740001, 819260001, 475, 'GABAPENTINA', 'GABAPENTINA', 14);
INSERT INTO produto VALUES (730720001, 561420001, 77, 'GARDENAL 100MG CPR 1X20 B1ADENDOETICO', 'GARDENAL 100MG CPR ', 19);
INSERT INTO produto VALUES (825420001, 819480001, 331, 'GASTROMAX', 'GASTROMAX', 14);
INSERT INTO produto VALUES (831450001, 819970001, 532, 'GAVIZ', 'GAVIZ', 14);
INSERT INTO produto VALUES (831720001, 819590001, 541, 'GELDROX', 'GELDROX', 14);
INSERT INTO produto VALUES (833250001, 819810001, 592, 'GINO-COLON', 'GINO-COLON', 14);
INSERT INTO produto VALUES (828510001, 819620001, 434, 'GLIANSOR', 'GLIANSOR', 14);
INSERT INTO produto VALUES (823950001, 819090001, 282, 'GLIMEPIRIDA', 'GLIMEPIRIDA', 14);
INSERT INTO produto VALUES (831780001, 819340001, 543, 'GLIMEPIRIDA', 'GLIMEPIRIDA', 14);
INSERT INTO produto VALUES (834750001, 819530001, 642, 'GLIMEPIRIDA', 'GLIMEPIRIDA', 14);
INSERT INTO produto VALUES (828030001, 819750001, 418, 'GLIOTEN', 'GLIOTEN', 14);
INSERT INTO produto VALUES (828540001, 819750001, 435, 'GLIOTEN', 'GLIOTEN', 14);
INSERT INTO produto VALUES (829230001, 819750001, 458, 'GLIOTEN', 'GLIOTEN', 14);
INSERT INTO produto VALUES (829470001, 819750001, 466, 'GLIOTEN', 'GLIOTEN', 14);
INSERT INTO produto VALUES (548660001, 561420001, 12, 'HERVIRAX 200MG C/25 COMP', 'HERVIRAX 200MG C/25 ', 28);
INSERT INTO produto VALUES (729870001, 561420001, 60, 'HIDANTAL CPR 1X25 C1ETICO', 'HIDANTAL CPR 1X25 C', 16);
INSERT INTO produto VALUES (821580001, 819110001, 203, 'HIDROCLOROTIAZIDA', 'HIDROCLOROTIAZIDA', 14);
INSERT INTO produto VALUES (825660001, 819160001, 339, 'HIDROCLOROTIAZIDA', 'HIDROCLOROTIAZIDA', 14);
INSERT INTO produto VALUES (825750001, 819160001, 342, 'HIDROCLOROTIAZIDA', 'HIDROCLOROTIAZIDA', 14);
INSERT INTO produto VALUES (835170001, 819710001, 656, 'HIOSPAN COMPOSTO', 'HIOSPAN COMPOSTO', 14);
INSERT INTO produto VALUES (548100001, 561420001, 2, 'HISTAMIN XAROPE C/100ML ', 'HISTAMIN XAROPE     ', 459);
INSERT INTO produto VALUES (830610001, 819690001, 504, 'HUMALOG', 'HUMALOG', 14);
INSERT INTO produto VALUES (830100001, 819690001, 487, 'HUMAPEN LUXURA', 'HUMAPEN LUXURA', 14);
INSERT INTO produto VALUES (730770001, 561420001, 78, 'ICADEN CR 20GETICO', 'ICADEN CR 20GETICO', 17);
INSERT INTO produto VALUES (824670001, 819320001, 306, 'IMURAN', 'IMURAN', 14);
INSERT INTO produto VALUES (827280001, 819320001, 393, 'IMURAN', 'IMURAN', 14);
INSERT INTO produto VALUES (825960001, 819750001, 349, 'INCORIL', 'INCORIL', 14);
INSERT INTO produto VALUES (826410001, 819750001, 364, 'INCORIL', 'INCORIL', 14);
INSERT INTO produto VALUES (831090001, 819750001, 520, 'INCORIL', 'INCORIL', 14);
INSERT INTO produto VALUES (831930001, 819750001, 548, 'INCORIL', 'INCORIL', 14);
INSERT INTO produto VALUES (820260001, 819130001, 159, 'INDAFIX', 'INDAFIX', 14);
INSERT INTO produto VALUES (823290001, 819130001, 260, 'INDAFIX', 'INDAFIX', 14);
INSERT INTO produto VALUES (831480001, 819730001, 533, 'INTELENCE', 'INTELENCE', 14);
INSERT INTO produto VALUES (834600001, 820060001, 637, 'IRRITRATIL', 'IRRITRATIL', 14);
INSERT INTO produto VALUES (830850001, 819930001, 512, 'ISOFLAVINE', 'ISOFLAVINE', 14);
INSERT INTO produto VALUES (827910001, 819840001, 414, 'IVERMEC', 'IVERMEC', 14);
INSERT INTO produto VALUES (548760001, 561420001, 14, 'IVERMECTINA 6MG C/2 COMP. GENERICO', 'IVERMECTINA 6MG C/2 ', 33);
INSERT INTO produto VALUES (548410001, NULL, 7, 'KALONAT C/10ML', 'KALONAT C/10ML', 25);
INSERT INTO produto VALUES (831060001, 819670001, 519, 'KLARICID', 'KLARICID', 14);
INSERT INTO produto VALUES (822540001, 819280001, 235, 'LABEL', 'LABEL', 14);
INSERT INTO produto VALUES (823320001, 819280001, 261, 'LABEL', 'LABEL', 14);
INSERT INTO produto VALUES (823440001, 819280001, 265, 'LABEL', 'LABEL', 14);
INSERT INTO produto VALUES (730830001, 561420001, 80, 'LABIRIN 16MG CPR 1X30ETICO', 'LABIRIN 16MG CPR 1X', 18);
INSERT INTO produto VALUES (823110001, 819350001, 254, 'LATISSE', 'LATISSE', 14);
INSERT INTO produto VALUES (734610001, 561420001, 120, 'LENCO POTE BABY CARE BOY 70UN', 'LENCO POTE BABY CAR', 23);
INSERT INTO produto VALUES (734660001, 561420001, 121, 'LENCO POTE BABY CARE GIRL', 'LENCO POTE BABY CAR', 22);
INSERT INTO produto VALUES (831390001, 819730001, 530, 'LEVAQUIN', 'LEVAQUIN', 14);
INSERT INTO produto VALUES (829140001, 819180001, 455, 'LEVOTIROXINA SODICA', 'LEVOTIROXINA SODICA', 14);
INSERT INTO produto VALUES (833010001, 819930001, 584, 'LICOPENE', 'LICOPENE', 14);
INSERT INTO produto VALUES (832410001, 820010001, 564, 'LICOR DE CACAU', 'LICOR DE CACAU', 14);
INSERT INTO produto VALUES (832650001, 820010001, 572, 'LICOR DE CACAU', 'LICOR DE CACAU', 14);
INSERT INTO produto VALUES (826740001, 819710001, 375, 'LIPTHAL', 'LIPTHAL', 14);
INSERT INTO produto VALUES (733860001, 561420001, 105, 'PENTE FINO C/24', 'PENTE FINO C/24', 31);
INSERT INTO produto VALUES (827730001, 819710001, 408, 'LIPTHAL', 'LIPTHAL', 14);
INSERT INTO produto VALUES (827520001, 819690001, 401, 'LIVALO', 'LIVALO', 14);
INSERT INTO produto VALUES (734560001, 561420001, 119, 'LIXA P/UNHA TRADIC MINI C/100', 'LIXA P/UNHA TRADIC ', 22);
INSERT INTO produto VALUES (829920001, 819190001, 481, 'LOPROX NL', 'LOPROX NL', 14);
INSERT INTO produto VALUES (831600001, 819150001, 537, 'LOSARTANA POTASSICA', 'LOSARTANA POTASSICA', 14);
INSERT INTO produto VALUES (822960001, 819510001, 249, 'LOXONIN', 'LOXONIN', 14);
INSERT INTO produto VALUES (821130001, 819350001, 188, 'LUMIGAN RC', 'LUMIGAN RC', 14);
INSERT INTO produto VALUES (821850001, 819350001, 212, 'LUMIGAN RC', 'LUMIGAN RC', 14);
INSERT INTO produto VALUES (831870001, 819670001, 546, 'LUPRON DEPOT', 'LUPRON DEPOT', 14);
INSERT INTO produto VALUES (825450001, 819160001, 332, 'MAL DEXCLORFENIRAMINA+BETAMETASONA', 'MAL DEXCLORFENIRAMI', 14);
INSERT INTO produto VALUES (833730001, 819970001, 608, 'MAL DEXCLORFENIRAMINA+BETAMETASONA', 'MAL DEXCLORFENIRAMI', 14);
INSERT INTO produto VALUES (826500001, 819080001, 367, 'MALEATO DE ENALAPRIL+HIDROCLOROTIAZIDA', 'MALEATO DE ENALAPRI', 14);
INSERT INTO produto VALUES (730880001, 819570001, 81, 'MATERNA', 'MATERNA', 18);
INSERT INTO produto VALUES (548990001, 561420001, 19, 'MAXALGINA C/100ML INFANTIL C/ SERINGA', 'MAXALGINA C/100ML IN', 29);
INSERT INTO produto VALUES (835320001, 819970001, 661, 'MAXINOM', 'MAXINOM', 14);
INSERT INTO produto VALUES (823860001, 819610001, 279, 'MAXXI D3', 'MAXXI D3', 14);
INSERT INTO produto VALUES (753420001, 561420001, 139, 'MEL PROPOLIS', 'MEL PROPOLIS', 21);
INSERT INTO produto VALUES (833100001, 819260001, 587, 'MELOXICAM', 'MELOXICAM', 14);
INSERT INTO produto VALUES (820920001, 819280001, 181, 'MERACILINA', 'MERACILINA', 14);
INSERT INTO produto VALUES (834960001, 820080001, 649, 'MEROPENEM', 'MEROPENEM', 14);
INSERT INTO produto VALUES (824130001, 819090001, 288, 'MESILATO DE DOXAZOSINA', 'MESILATO DE DOXAZOS', 14);
INSERT INTO produto VALUES (821700001, 819440001, 207, 'MICOLAMINA', 'MICOLAMINA', 14);
INSERT INTO produto VALUES (828300001, 819740001, 427, 'MICOSTALAB', 'MICOSTALAB', 14);
INSERT INTO produto VALUES (830760001, 819740001, 509, 'MICOSTALAB', 'MICOSTALAB', 14);
INSERT INTO produto VALUES (730970001, 561420001, 83, 'MICRODIOL CPR 1X21ETICO', 'MICRODIOL CPR 1X21E', 18);
INSERT INTO produto VALUES (828690001, 819560001, 440, 'MICROPIL', 'MICROPIL', 14);
INSERT INTO produto VALUES (732720001, 561420001, 97, 'MICROVLAR DRG 1X21ETICO', 'MICROVLAR DRG 1X21E', 25);
INSERT INTO produto VALUES (831210001, 819500001, 524, 'MIGRALIV', 'MIGRALIV', 14);
INSERT INTO produto VALUES (732770001, 561420001, 98, 'MILLAR BIS 30GOUTROS', 'MILLAR BIS 30GOUTROS', 23);
INSERT INTO produto VALUES (833280001, 819280001, 593, 'MITICOCAN', 'MITICOCAN', 14);
INSERT INTO produto VALUES (834390001, 819280001, 630, 'MITICOCAN', 'MITICOCAN', 14);
INSERT INTO produto VALUES (821190001, 819280001, 190, 'MONTELAIR', 'MONTELAIR', 14);
INSERT INTO produto VALUES (821370001, 819280001, 196, 'MONTELAIR', 'MONTELAIR', 14);
INSERT INTO produto VALUES (822480001, 819280001, 233, 'MONTELUCASTE DE SODIO', 'MONTELUCASTE DE SOD', 14);
INSERT INTO produto VALUES (823650001, 819280001, 272, 'MONTELUCASTE DE SODIO', 'MONTELUCASTE DE SOD', 14);
INSERT INTO produto VALUES (832320001, 819730001, 561, 'MOTILIUM', 'MOTILIUM', 14);
INSERT INTO produto VALUES (834900001, 819730001, 647, 'MOTILIUM', 'MOTILIUM', 14);
INSERT INTO produto VALUES (834090001, 819310001, 620, 'MOTRIN', 'MOTRIN', 14);
INSERT INTO produto VALUES (825990001, 819740001, 350, 'MULTIDERME', 'MULTIDERME', 14);
INSERT INTO produto VALUES (824610001, 819430001, 304, 'MUSCUSAN', 'MUSCUSAN', 14);
INSERT INTO produto VALUES (831990001, 819330001, 550, 'MYCAMINE', 'MYCAMINE', 14);
INSERT INTO produto VALUES (833220001, 819330001, 591, 'MYCAMINE', 'MYCAMINE', 14);
INSERT INTO produto VALUES (824250001, 819610001, 292, 'MYRAFER', 'MYRAFER', 14);
INSERT INTO produto VALUES (824730001, 819610001, 308, 'MYRAFORT F', 'MYRAFORT F', 14);
INSERT INTO produto VALUES (830520001, 819610001, 501, 'MYRAVIT', 'MYRAVIT', 14);
INSERT INTO produto VALUES (830910001, 819610001, 514, 'MYRAVIT GEST', 'MYRAVIT GEST', 14);
INSERT INTO produto VALUES (825150001, 819610001, 322, 'MYRAVIT LACT', 'MYRAVIT LACT', 14);
INSERT INTO produto VALUES (548360001, NULL, 6, 'NATURAX GELEIA C/150 G', 'NATURAX GELEIA C/150', 30);
INSERT INTO produto VALUES (820890001, 819310001, 180, 'NAXOGIN', 'NAXOGIN', 14);
INSERT INTO produto VALUES (833460001, 819740001, 599, 'NEBACIDERME', 'NEBACIDERME', 14);
INSERT INTO produto VALUES (548510001, NULL, 9, 'NEO FOLICO 5MG C/20 COMP', 'NEO FOLICO 5MG C/20 ', 24);
INSERT INTO produto VALUES (822000001, 819110001, 217, 'NEO MOXICILIN', 'NEO MOXICILIN', 14);
INSERT INTO produto VALUES (824160001, 819110001, 289, 'NEOSARTAN', 'NEOSARTAN', 14);
INSERT INTO produto VALUES (830490001, 819150001, 500, 'NEURAL', 'NEURAL', 14);
INSERT INTO produto VALUES (830550001, 819150001, 502, 'NEURAL', 'NEURAL', 14);
INSERT INTO produto VALUES (729920001, 561420001, 61, 'NEUTROFER FOLICO GTS 30MLETICO', 'NEUTROFER FOLICO GT', 17);
INSERT INTO produto VALUES (834000001, 819560001, 617, 'NIKI', 'NIKI', 14);
INSERT INTO produto VALUES (834300001, 819560001, 627, 'NIKI', 'NIKI', 14);
INSERT INTO produto VALUES (835440001, 819460001, 665, 'NIQUITIN', 'NIQUITIN', 14);
INSERT INTO produto VALUES (833670001, 819280001, 606, 'NISULID', 'NISULID', 14);
INSERT INTO produto VALUES (834150001, 819290001, 622, 'NITRATO DE MICONAZOL', 'NITRATO DE MICONAZOL', 14);
INSERT INTO produto VALUES (830700001, 819790001, 507, 'NIZONAZOL', 'NIZONAZOL', 14);
INSERT INTO produto VALUES (823890001, 819260001, 280, 'NORFLOXACINO', 'NORFLOXACINO', 14);
INSERT INTO produto VALUES (834570001, 819500001, 636, 'NORIDERM', 'NORIDERM', 14);
INSERT INTO produto VALUES (731020001, 561420001, 84, 'NORIPURUM GTS 30MLETICO', 'NORIPURUM GTS 30MLE', 18);
INSERT INTO produto VALUES (826020001, 819190001, 351, 'NOVALGINA', 'NOVALGINA', 14);
INSERT INTO produto VALUES (828870001, 819880001, 446, 'NOVONORM', 'NOVONORM', 14);
INSERT INTO produto VALUES (830250001, 819880001, 492, 'NOVONORM', 'NOVONORM', 14);
INSERT INTO produto VALUES (828000001, 819850001, 417, 'NUTRAPLUS', 'NUTRAPLUS', 14);
INSERT INTO produto VALUES (826530001, 819740001, 368, 'OCYLIN', 'OCYLIN', 14);
INSERT INTO produto VALUES (828480001, 819740001, 433, 'OCYLIN', 'OCYLIN', 14);
INSERT INTO produto VALUES (734510001, 561420001, 118, 'OLEO BANANA FARMAX 28ML', 'OLEO BANANA FARMAX ', 23);
INSERT INTO produto VALUES (824910001, 819080001, 314, 'OMEPRAZOL', 'OMEPRAZOL', 14);
INSERT INTO produto VALUES (825780001, 819080001, 343, 'OMEPRAZOL', 'OMEPRAZOL', 14);
INSERT INTO produto VALUES (834780001, 819340001, 643, 'OMEPRAZOL', 'OMEPRAZOL', 14);
INSERT INTO produto VALUES (826140001, 819760001, 355, 'OPHTAAC', 'OPHTAAC', 14);
INSERT INTO produto VALUES (831330001, 819190001, 528, 'OS-CAL', 'OS-CAL', 14);
INSERT INTO produto VALUES (831030001, 819130001, 518, 'OSTEOBLOCK', 'OSTEOBLOCK', 14);
INSERT INTO produto VALUES (831510001, 819130001, 534, 'OSTEOBLOCK', 'OSTEOBLOCK', 14);
INSERT INTO produto VALUES (706780001, 561420001, 47, 'OTO XILODASE GTS 8ML', 'OTO XILODASE GTS 8ML', 21);
INSERT INTO produto VALUES (834360001, 819180001, 629, 'OVIDREL', 'OVIDREL', 14);
INSERT INTO produto VALUES (829560001, 819080001, 469, 'OXIGEN', 'OXIGEN', 14);
INSERT INTO produto VALUES (828990001, 819890001, 450, 'OXIPELLE', 'OXIPELLE', 14);
INSERT INTO produto VALUES (821970001, 819480001, 216, 'OXYDERME', 'OXYDERME', 14);
INSERT INTO produto VALUES (733910001, 561420001, 106, 'PALITO DUAS PONTAS PARA UNHA C/50 UNID', 'PALITO DUAS PONTAS ', 23);
INSERT INTO produto VALUES (830940001, 819730001, 515, 'PANTELMIN', 'PANTELMIN', 14);
INSERT INTO produto VALUES (831000001, 819950001, 517, 'PANTOMIX', 'PANTOMIX', 14);
INSERT INTO produto VALUES (834840001, 819950001, 645, 'PANTOMIX', 'PANTOMIX', 14);
INSERT INTO produto VALUES (824820001, 819200001, 311, 'PANTOZOL', 'PANTOZOL', 14);
INSERT INTO produto VALUES (826260001, 819160001, 359, 'PARACETAMOL', 'PARACETAMOL', 14);
INSERT INTO produto VALUES (827490001, 819160001, 400, 'PARACETAMOL', 'PARACETAMOL', 14);
INSERT INTO produto VALUES (829050001, 819260001, 452, 'PARACETAMOL', 'PARACETAMOL', 14);
INSERT INTO produto VALUES (828570001, 819860001, 436, 'PASTA PARISIENSE', 'PASTA PARISIENSE', 14);
INSERT INTO produto VALUES (835290001, 819560001, 660, 'PATZ SL', 'PATZ SL', 14);
INSERT INTO produto VALUES (821070001, 819340001, 186, 'PENTOXIFILINA', 'PENTOXIFILINA', 14);
INSERT INTO produto VALUES (731070001, 561420001, 85, 'PERCOF XPE 120MLETICO', 'PERCOF XPE 120MLETI', 21);
INSERT INTO produto VALUES (821490001, 819400001, 200, 'PERINDOPRIL ERBUMINA', 'PERINDOPRIL ERBUMINA', 14);
INSERT INTO produto VALUES (835080001, 820100001, 653, 'PERMENATI', 'PERMENATI', 14);
INSERT INTO produto VALUES (824430001, 819650001, 298, 'PHYTOVEIN', 'PHYTOVEIN', 14);
INSERT INTO produto VALUES (733960001, 561420001, 107, 'PINCEL IMPORTADO C/1', 'PINCEL IMPORTADO C/1', 23);
INSERT INTO produto VALUES (832500001, 820020001, 567, 'PLAMIVON', 'PLAMIVON', 14);
INSERT INTO produto VALUES (731120001, 561420001, 86, 'PLASIL GTS 10MLETICO', 'PLASIL GTS 10MLETICO', 17);
INSERT INTO produto VALUES (827220001, 819750001, 391, 'PLENACOR', 'PLENACOR', 14);
INSERT INTO produto VALUES (827550001, 819750001, 402, 'PLENACOR', 'PLENACOR', 14);
INSERT INTO produto VALUES (830670001, 819370001, 506, 'PONDERA', 'PONDERA', 14);
INSERT INTO produto VALUES (821160001, 819360001, 189, 'PRAMIPEZAN', 'PRAMIPEZAN', 14);
INSERT INTO produto VALUES (822330001, 819360001, 228, 'PRAMIPEZAN', 'PRAMIPEZAN', 14);
INSERT INTO produto VALUES (822810001, 819360001, 244, 'PRAMIPEZAN', 'PRAMIPEZAN', 14);
INSERT INTO produto VALUES (823020001, 819360001, 251, 'PRAMIPEZAN', 'PRAMIPEZAN', 14);
INSERT INTO produto VALUES (823260001, 819360001, 259, 'PRAMIPEZAN', 'PRAMIPEZAN', 14);
INSERT INTO produto VALUES (833310001, 819360001, 594, 'PRAMIPEZAN', 'PRAMIPEZAN', 14);
INSERT INTO produto VALUES (833790001, 819360001, 610, 'PRAMIPEZAN', 'PRAMIPEZAN', 14);
INSERT INTO produto VALUES (828210001, 819180001, 424, 'PRAVASTATINA', 'PRAVASTATINA', 14);
INSERT INTO produto VALUES (833880001, 819180001, 613, 'PRAVASTATINA', 'PRAVASTATINA', 14);
INSERT INTO produto VALUES (835110001, 819180001, 654, 'PRAVASTATINA', 'PRAVASTATINA', 14);
INSERT INTO produto VALUES (822300001, 819340001, 227, 'PRAZOL', 'PRAZOL', 14);
INSERT INTO produto VALUES (825000001, 819340001, 317, 'PRAZOL', 'PRAZOL', 14);
INSERT INTO produto VALUES (824190001, 819190001, 290, 'PREDNISOLON', 'PREDNISOLON', 14);
INSERT INTO produto VALUES (820950001, 819280001, 182, 'PREDNISOLONA', 'PREDNISOLONA', 14);
INSERT INTO produto VALUES (821910001, 819280001, 214, 'PREDNISOLONA', 'PREDNISOLONA', 14);
INSERT INTO produto VALUES (822750001, 819190001, 242, 'PRIMACOR', 'PRIMACOR', 14);
INSERT INTO produto VALUES (732820001, 561420001, 99, 'PRIMERA 30MCG CPR 1X21ETICO', 'PRIMERA 30MCG CPR 1', 26);
INSERT INTO produto VALUES (832110001, 819990001, 554, 'PROBEK''S', 'PROBEK''S', 14);
INSERT INTO produto VALUES (730930001, 561420001, 82, 'PRODUTORWER', 'PRODUTO', 16);
INSERT INTO produto VALUES (829290001, 819190001, 460, 'PROFENID', 'PROFENID', 14);
INSERT INTO produto VALUES (830160001, 819190001, 489, 'PROFENID', 'PROFENID', 14);
INSERT INTO produto VALUES (825300001, 819190001, 327, 'PROFENID RETARD', 'PROFENID RETARD', 14);
INSERT INTO produto VALUES (833820001, 819280001, 611, 'PROLIVE', 'PROLIVE', 14);
INSERT INTO produto VALUES (835200001, 819280001, 657, 'PROLIVE', 'PROLIVE', 14);
INSERT INTO produto VALUES (821670001, 819260001, 206, 'PROPIONATO DE CLOBETASOL', 'PROPIONATO DE CLOBE', 14);
INSERT INTO produto VALUES (826650001, 819710001, 372, 'PROPIONATO DE CLOBETASOL', 'PROPIONATO DE CLOBE', 14);
INSERT INTO produto VALUES (821040001, 819330001, 185, 'PROTOPIC', 'PROTOPIC', 14);
INSERT INTO produto VALUES (823140001, 819330001, 255, 'PROTOPIC', 'PROTOPIC', 14);
INSERT INTO produto VALUES (823590001, 819330001, 270, 'PROTOPIC', 'PROTOPIC', 14);
INSERT INTO produto VALUES (821430001, 819390001, 198, 'PRURIZIN', 'PRURIZIN', 14);
INSERT INTO produto VALUES (821730001, 819390001, 208, 'PRURIZIN', 'PRURIZIN', 14);
INSERT INTO produto VALUES (822570001, 819390001, 236, 'PRURIZIN', 'PRURIZIN', 14);
INSERT INTO produto VALUES (730820001, NULL, 79, 'PSC', 'PSC', 16);
INSERT INTO produto VALUES (827430001, 819610001, 398, 'PURAVIT ADE', 'PURAVIT ADE', 14);
INSERT INTO produto VALUES (828060001, 819780001, 419, 'PYVERM', 'PYVERM', 14);
INSERT INTO produto VALUES (829620001, 819780001, 471, 'PYVERM', 'PYVERM', 14);
INSERT INTO produto VALUES (830970001, 819940001, 516, 'QUEROK', 'QUEROK', 14);
INSERT INTO produto VALUES (834990001, 819560001, 650, 'QUEROPAX', 'QUEROPAX', 14);
INSERT INTO produto VALUES (827610001, 819600001, 404, 'REDVIT', 'REDVIT', 14);
INSERT INTO produto VALUES (832710001, 819970001, 574, 'REGENOM', 'REGENOM', 14);
INSERT INTO produto VALUES (822420001, 819550001, 231, 'REGULADOR XAVIER', 'REGULADOR XAVIER', 14);
INSERT INTO produto VALUES (832830001, 819870001, 578, 'RENU SENSITIVE', 'RENU SENSITIVE', 14);
INSERT INTO produto VALUES (822360001, 819540001, 229, 'REPITELIN', 'REPITELIN', 14);
INSERT INTO produto VALUES (824040001, 819540001, 285, 'REPITELIN', 'REPITELIN', 14);
INSERT INTO produto VALUES (834660001, 820070001, 639, 'RESFENAX', 'RESFENAX', 14);
INSERT INTO produto VALUES (739940001, 561420001, 128, 'RESFENOL', 'RESFENOL', 19);
INSERT INTO produto VALUES (833520001, 819460001, 601, 'RESPIRE MELHOR', 'RESPIRE MELHOR', 14);
INSERT INTO produto VALUES (834810001, 819460001, 644, 'RESPIRE MELHOR', 'RESPIRE MELHOR', 14);
INSERT INTO produto VALUES (829380001, 819820001, 463, 'RILOTOL', 'RILOTOL', 14);
INSERT INTO produto VALUES (829770001, 819820001, 476, 'RILOTOL', 'RILOTOL', 14);
INSERT INTO produto VALUES (827640001, 819820001, 405, 'RILUZOL', 'RILUZOL', 14);
INSERT INTO produto VALUES (828450001, 819820001, 432, 'RILUZOL', 'RILUZOL', 14);
INSERT INTO produto VALUES (833370001, 819560001, 596, 'RISEDROSS', 'RISEDROSS', 14);
INSERT INTO produto VALUES (826920001, 819090001, 381, 'RISPERIDONA', 'RISPERIDONA', 14);
INSERT INTO produto VALUES (824970001, 819470001, 316, 'ROSUCOR', 'ROSUCOR', 14);
INSERT INTO produto VALUES (825030001, 819470001, 318, 'ROSUCOR', 'ROSUCOR', 14);
INSERT INTO produto VALUES (825360001, 819470001, 329, 'ROSUCOR', 'ROSUCOR', 14);
INSERT INTO produto VALUES (832200001, 819590001, 557, 'RUBIDEX', 'RUBIDEX', 14);
INSERT INTO produto VALUES (832800001, 820030001, 577, 'SASTID', 'SASTID', 14);
INSERT INTO produto VALUES (825630001, 819120001, 338, 'SCAFLOGIN', 'SCAFLOGIN', 14);
INSERT INTO produto VALUES (826320001, 819120001, 361, 'SCAFLOGIN', 'SCAFLOGIN', 14);
INSERT INTO produto VALUES (830340001, 819510001, 495, 'SCITALAX', 'SCITALAX', 14);
INSERT INTO produto VALUES (830820001, 819510001, 511, 'SCITALAX', 'SCITALAX', 14);
INSERT INTO produto VALUES (737090001, 561420001, 123, 'SDFSADSAD', 'SDFSADSAD', 21);
INSERT INTO produto VALUES (827160001, 819150001, 389, 'SEDADOR', 'SEDADOR', 14);
INSERT INTO produto VALUES (825720001, 819710001, 341, 'SEDALEX', 'SEDALEX', 14);
INSERT INTO produto VALUES (824100001, 819320001, 287, 'SEDOPAN', 'SEDOPAN', 14);
INSERT INTO produto VALUES (826200001, 819700001, 357, 'SELOKEN', 'SELOKEN', 14);
INSERT INTO produto VALUES (824760001, 819700001, 309, 'SELOPRESS', 'SELOPRESS', 14);
INSERT INTO produto VALUES (706830001, 561420001, 48, 'SELOZOK 50MG', 'SELOZOK 50MG ', 25);
INSERT INTO produto VALUES (821820001, 819460001, 211, 'SENSODYNE', 'SENSODYNE', 14);
INSERT INTO produto VALUES (821610001, 819420001, 204, 'SEPTAGEN', 'SEPTAGEN', 14);
INSERT INTO produto VALUES (820380001, 819170001, 163, 'SERETIDE', 'SERETIDE', 14);
INSERT INTO produto VALUES (834720001, 819170001, 641, 'SERETIDE', 'SERETIDE', 14);
INSERT INTO produto VALUES (826770001, 819320001, 376, 'SINVAZ', 'SINVAZ', 14);
INSERT INTO produto VALUES (830040001, 819320001, 485, 'SINVAZ', 'SINVAZ', 14);
INSERT INTO produto VALUES (731170001, 561420001, 87, 'SOMALGIN CARD 100MG CPR 1X32OUTROS', 'SOMALGIN CARD 100MG', 19);
INSERT INTO produto VALUES (753570001, 561420001, 142, 'SPRAY ROMA', 'SPRAY ROMA', 19);
INSERT INTO produto VALUES (834690001, 820030001, 640, 'STIEFCORTIL', 'STIEFCORTIL', 14);
INSERT INTO produto VALUES (820440001, 819190001, 165, 'STILNOX CR', 'STILNOX CR', 14);
INSERT INTO produto VALUES (821220001, 819190001, 191, 'STILNOX CR', 'STILNOX CR', 14);
INSERT INTO produto VALUES (829590001, 819090001, 470, 'STUGERINA', 'STUGERINA', 14);
INSERT INTO produto VALUES (833910001, 819800001, 614, 'SUCCINATO SODICO DE HIDROCORTISONA', 'SUCCINATO SODICO DE', 14);
INSERT INTO produto VALUES (834210001, 819290001, 624, 'SULFADIAZINA DE PRATA', 'SULFADIAZINA DE PRA', 14);
INSERT INTO produto VALUES (825120001, 819600001, 321, 'SULFERROL', 'SULFERROL', 14);
INSERT INTO produto VALUES (732870001, 561420001, 100, 'SUMAX 25MG CPR 1X4OUTROS', 'SUMAX 25MG CPR 1X4O', 60);
INSERT INTO produto VALUES (825330001, 819100001, 328, 'SUPRADYN', 'SUPRADYN', 14);
INSERT INTO produto VALUES (833130001, 819100001, 588, 'SUPRADYN', 'SUPRADYN', 14);
INSERT INTO produto VALUES (833550001, 819100001, 602, 'SUPRADYN', 'SUPRADYN', 14);
INSERT INTO produto VALUES (833970001, 819590001, 616, 'SUPRIUM', 'SUPRIUM', 14);
INSERT INTO produto VALUES (830130001, 819370001, 488, 'TAMIRAM', 'TAMIRAM', 14);
INSERT INTO produto VALUES (706880001, 561420001, 49, 'TAMISA 20MCG ', 'TAMISA 20MCG ', 25);
INSERT INTO produto VALUES (732920001, 561420001, 101, 'TAMISA SEM PARAR 30MCG CPR 1X28ETICO', 'TAMISA SEM PARAR 30', 31);
INSERT INTO produto VALUES (731220001, 561420001, 88, 'TANDRILAX CPR 1X15ETICO', 'TANDRILAX CPR 1X15E', 20);
INSERT INTO produto VALUES (732970001, 561420001, 102, 'TAPAZOL 10MG CPR 1X50ETICO', 'TAPAZOL 10MG CPR 1X', 28);
INSERT INTO produto VALUES (823830001, 819110001, 278, 'TEFIN', 'TEFIN', 14);
INSERT INTO produto VALUES (833610001, 819130001, 604, 'TELMISARTANA', 'TELMISARTANA', 14);
INSERT INTO produto VALUES (828720001, 819260001, 441, 'TENOXICAM', 'TENOXICAM', 14);
INSERT INTO produto VALUES (780750001, 561420001, 147, 'TESTE 0408', 'TESTE 0408', 17);
INSERT INTO produto VALUES (758010001, 561420001, 144, 'TESTE 282', 'TESTE 282', 22);
INSERT INTO produto VALUES (746040001, 561420001, 130, 'TESTE TESTE 22', 'TESTE TESTE 22', 17);
INSERT INTO produto VALUES (561920001, 561420001, 23, 'TESTE TESTE TESTE', 'TESTE', 22);
INSERT INTO produto VALUES (758160001, 561420001, 146, 'TESTE284', 'TESTE284', 17);
INSERT INTO produto VALUES (835350001, 819850001, 662, 'TETRALYSAL', 'TETRALYSAL', 14);
INSERT INTO produto VALUES (827580001, 819710001, 403, 'TEUCIPROX', 'TEUCIPROX', 14);
INSERT INTO produto VALUES (827880001, 819710001, 413, 'TEUCIPROX', 'TEUCIPROX', 14);
INSERT INTO produto VALUES (821310001, 819270001, 194, 'TEVACARBO', 'TEVACARBO', 14);
INSERT INTO produto VALUES (822150001, 819270001, 222, 'TEVACARBO', 'TEVACARBO', 14);
INSERT INTO produto VALUES (822990001, 819270001, 250, 'TEVAFOLIN', 'TEVAFOLIN', 14);
INSERT INTO produto VALUES (820740001, 819270001, 175, 'TEVAMETHO', 'TEVAMETHO', 14);
INSERT INTO produto VALUES (828180001, 819600001, 423, 'TIOCONAX', 'TIOCONAX', 14);
INSERT INTO produto VALUES (828810001, 819290001, 444, 'TIOCONAZOL+TINIDAZOL', 'TIOCONAZOL+TINIDAZOL', 14);
INSERT INTO produto VALUES (734710001, 561420001, 122, 'TOALHAS BABY CARE BICHOS', 'TOALHAS BABY CARE B', 21);
INSERT INTO produto VALUES (826860001, 819270001, 379, 'TOBRAZOL', 'TOBRAZOL', 14);
INSERT INTO produto VALUES (822660001, 819080001, 239, 'TOPIMARATO', 'TOPIMARATO', 14);
INSERT INTO produto VALUES (824700001, 819470001, 307, 'TORVAL CR', 'TORVAL CR', 14);
INSERT INTO produto VALUES (729970001, 561420001, 62, 'TRALEN CR 30GETICO', 'TRALEN CR 30GETICO', 16);
INSERT INTO produto VALUES (822900001, 819160001, 247, 'TRIANCINOLONA+NEOMICINA+GRAMICIDINA+NISTATINA', 'TRIANCINOLONA+NEOMI', 14);
INSERT INTO produto VALUES (823050001, 819160001, 252, 'TRIANCINOLONA+NEOMICINA+GRAMICIDINA+NISTATINA', 'TRIANCINOLONA+NEOMI', 14);
INSERT INTO produto VALUES (829950001, 819340001, 482, 'TRIDERM', 'TRIDERM', 14);
INSERT INTO produto VALUES (820650001, 819120001, 172, 'TRIFORMIN', 'TRIFORMIN', 14);
INSERT INTO produto VALUES (832920001, 819370001, 581, 'TROK', 'TROK', 14);
INSERT INTO produto VALUES (833760001, 819370001, 609, 'TROK', 'TROK', 14);
INSERT INTO produto VALUES (832470001, 819370001, 566, 'TROK-N', 'TROK-N', 14);
INSERT INTO produto VALUES (833490001, 819370001, 600, 'TROK-N', 'TROK-N', 14);
INSERT INTO produto VALUES (829860001, 819710001, 479, 'TYLIDOL', 'TYLIDOL', 14);
INSERT INTO produto VALUES (832560001, 819970001, 569, 'UNI CEFALEXIN', 'UNI CEFALEXIN', 14);
INSERT INTO produto VALUES (831420001, 819970001, 531, 'UNITIDAZIN', 'UNITIDAZIN', 14);
INSERT INTO produto VALUES (835260001, 819970001, 659, 'UNITIDAZIN', 'UNITIDAZIN', 14);
INSERT INTO produto VALUES (834330001, 819170001, 628, 'VAC. COMB DTPA-IPV', 'VAC. COMB DTPA-IPV', 14);
INSERT INTO produto VALUES (832860001, 819170001, 579, 'VACINA COMB SARAMPO/CAXUMBA/RUB/VARICELA', 'VACINA COMB SARAMPO', 14);
INSERT INTO produto VALUES (822120001, 819160001, 221, 'VAL BETAMETASONA', 'VAL BETAMETASONA', 14);
INSERT INTO produto VALUES (827760001, 819130001, 409, 'VALSARTANA HIDROCLOROTIAZIDA', 'VALSARTANA HIDROCLO', 14);
INSERT INTO produto VALUES (821940001, 819470001, 215, 'VALSARTANA+HIDROCLOROTIAZIDA', 'VALSARTANA+HIDROCLO', 14);
INSERT INTO produto VALUES (835470001, 819470001, 666, 'VALSARTANA+HIDROCLOROTIAZIDA', 'VALSARTANA+HIDROCLO', 14);
INSERT INTO produto VALUES (731270001, 561420001, 89, 'VARICELL 320MG DRG 1X48OUTROS', 'VARICELL 320MG DRG ', 19);
INSERT INTO produto VALUES (828390001, 819080001, 430, 'VASOGARD', 'VASOGARD', 14);
INSERT INTO produto VALUES (821250001, 819370001, 192, 'VAST', 'VAST', 14);
INSERT INTO produto VALUES (834060001, 819370001, 619, 'VAST', 'VAST', 14);
INSERT INTO produto VALUES (834630001, 819370001, 638, 'VAST', 'VAST', 14);
INSERT INTO produto VALUES (733020001, 561420001, 103, 'VENALOT H CR 240MLETICO', 'VENALOT H CR 240MLE', 27);
INSERT INTO produto VALUES (825180001, 819470001, 323, 'VENLIFT OD', 'VENLIFT OD', 14);
INSERT INTO produto VALUES (826080001, 819470001, 353, 'VENLIFT OD', 'VENLIFT OD', 14);
INSERT INTO produto VALUES (826590001, 819780001, 370, 'VERMECTIL', 'VERMECTIL', 14);
INSERT INTO produto VALUES (824220001, 819110001, 291, 'VERTIGIUM', 'VERTIGIUM', 14);
INSERT INTO produto VALUES (825210001, 819310001, 324, 'VIAGRA', 'VIAGRA', 14);
INSERT INTO produto VALUES (828780001, 819310001, 443, 'VIAGRA', 'VIAGRA', 14);
INSERT INTO produto VALUES (832260001, 819310001, 559, 'VIAGRA', 'VIAGRA', 14);
INSERT INTO produto VALUES (832890001, 819310001, 580, 'VIAGRA', 'VIAGRA', 14);
INSERT INTO produto VALUES (834480001, 819310001, 633, 'VIAGRA', 'VIAGRA', 14);
INSERT INTO produto VALUES (733070001, 836340001, 104, 'VICK VAPORUB', 'VICK VAPORUB', 27);
INSERT INTO produto VALUES (706980001, 561420001, 51, 'VICOG CPR 1X30', 'VICOG CPR 1X30', 24);
INSERT INTO produto VALUES (822930001, 819580001, 248, 'VIMPAT', 'VIMPAT', 14);
INSERT INTO produto VALUES (548710001, 561420001, 13, 'VOMISTOP GOTAS C/ 10ML', 'VOMISTOP GOTAS C/ 10', 24);
INSERT INTO produto VALUES (834120001, 819600001, 621, 'VONAX', 'VONAX', 14);
INSERT INTO produto VALUES (835230001, 819600001, 658, 'VONAX', 'VONAX', 14);
INSERT INTO produto VALUES (830580001, 819310001, 503, 'XALATAN', 'XALATAN', 14);
INSERT INTO produto VALUES (730020001, 561420001, 63, 'XEFO 8MG CPR REV 1X20ETICO', 'XEFO 8MG CPR REV ', 17);
INSERT INTO produto VALUES (830280001, 819720001, 493, 'XELODA', 'XELODA', 14);
INSERT INTO produto VALUES (831900001, 819720001, 547, 'XELODA', 'XELODA', 14);
INSERT INTO produto VALUES (829170001, 819340001, 456, 'ZANIDIP', 'ZANIDIP', 14);
INSERT INTO produto VALUES (831120001, 819960001, 521, 'ZAP', 'ZAP', 14);
INSERT INTO produto VALUES (827970001, 819370001, 416, 'ZART', 'ZART', 14);
INSERT INTO produto VALUES (823740001, 819170001, 275, 'ZENTEL', 'ZENTEL', 14);
INSERT INTO produto VALUES (825600001, 819170001, 337, 'ZENTEL', 'ZENTEL', 14);
INSERT INTO produto VALUES (832230001, 819110001, 558, 'ZITRONEO', 'ZITRONEO', 14);
INSERT INTO produto VALUES (831360001, 819700001, 529, 'ZOLADEX LA', 'ZOLADEX LA', 14);
INSERT INTO produto VALUES (823230001, 819220001, 258, 'ZOMETA', 'ZOMETA', 14);
INSERT INTO produto VALUES (549350001, 561420001, 20, 'ZOTAC 70MG C/14 ', 'ZOTAC 70MG C/14', 26);
INSERT INTO produto VALUES (822240001, 819170001, 225, 'ANTAK', 'ANTAK', 14);
INSERT INTO produto VALUES (815380001, 814780001, 151, 'NEOSALDINA', 'NEOSALDINA', 29);
INSERT INTO produto VALUES (749440001, 561420001, 132, 'BELSPAN', 'BELSPANA', 46);
INSERT INTO produto VALUES (734310001, 561420001, 114, 'FITA DENTAL HILLO', 'FITA DENTAL HILLO', 21);
INSERT INTO produto VALUES (707030001, 561420001, 52, 'FLUTINOL SUSP OFTAL', 'FLUTINOL SUSP OFTAL', 20);
INSERT INTO produto VALUES (749590001, 561420001, 135, 'METOCLOPRAMIDA', 'METOCLOPRAMIDA', 33);
INSERT INTO produto VALUES (734410001, 561420001, 116, 'SABONETEIRA FITINESS', 'SABONETEIRA FITINESS', 22);
INSERT INTO produto VALUES (734010001, 561420001, 108, 'TALCO ALFAZEMA 170G', 'TALCO ALFAZEMA 170G', 23);
INSERT INTO produto VALUES (750080001, 561420001, 137, 'TESTE', 'TETESTE', 16);
INSERT INTO produto VALUES (706930001, 561420001, 50, 'VERTIX CPR ', 'VERTIX CPR ', 22);
INSERT INTO produto VALUES (744160001, 561420001, 129, 'TESTE FLAVIO', 'TESTE FLAVIO', 22);
INSERT INTO produto VALUES (548270001, 561420001, 4, 'FLUXON 75MG C/30 COMP', 'FLUXON 75MG C/30 COM', 232);
INSERT INTO produto VALUES (821010001, 819320001, 184, 'ZYLORIC', 'ZYLORIC', 14);
INSERT INTO produto VALUES (826710001, 819320001, 374, 'ZYLORIC', 'ZYLORIC', 14);
INSERT INTO produto VALUES (823710001, 819350001, 274, 'ZYPRED', 'ZYPRED', 14);



--
-- TOC entry 1877 (class 2606 OID 116587)
-- Dependencies: 161 162 1862 1884
-- Name: fk_embalage_relations_embalage; Type: FK CONSTRAINT; Schema: public; Owner: postgres
--

ALTER TABLE embalagem_codigo_barras
    ADD CONSTRAINT fk_embalage_relations_embalage FOREIGN KEY (embalagem_id) REFERENCES embalagem(id) on delete restrict on update restrict;


--
-- TOC entry 1876 (class 2606 OID 116616)
-- Dependencies: 161 1872 164 1884
-- Name: fk_embalage_relations_produto; Type: FK CONSTRAINT; Schema: public; Owner: postgres
--

ALTER TABLE embalagem
    ADD CONSTRAINT fk_embalage_relations_produto FOREIGN KEY (produto_id) REFERENCES produto(id) on delete restrict on update restrict;


--
-- TOC entry 1878 (class 2606 OID 116611)
-- Dependencies: 1870 164 163 1884
-- Name: fk_produto_relations_fabrican; Type: FK CONSTRAINT; Schema: public; Owner: postgres
--

ALTER TABLE produto
    ADD CONSTRAINT fk_produto_relations_fabrican FOREIGN KEY (fabricante_id) REFERENCES fabricante(id) on delete restrict on update restrict;


